Mã Công Ty/CN,Công Ty/CN,Ngày Chứng Từ,Số Đơn Đặt Hàng,Số Đơn Trả Hàng,Ngày Trả Hàng,Hóa Đơn,Ngày Tới Hạn TT,Số Hợp Đồng,Trạng Thái,Mã KH Thuế,Tên KH Thuế,Địa Chỉ KH Thuế,Mã Số Thuế,Mã KH DMS,Mã KH Cũ,Tên Khách Hàng,Địa Chỉ KH,Mã Vùng BH,Tên Vùng BH,Mã Khu Vực,Tên Khu Vực,Mã Tỉnh KH,Tên Tỉnh KH,Mã Quận/HUyện,Tên Quận/HUyện,Phường/Xã,Mã Kênh KH,Tên Kênh KH,Mã Kênh Phụ,Tên Kênh Phụ,Mã HCO,Tên HCO,Mã Phân Loại HCO,Tên Phân Loại HCO,Mã Phân Hạng HCO,Tên Phân Hạng HCO,Mã Sản Phẩm,Tên Sản Phẩm NB,Tên Sản Phẩm Viết Tắt,Số Lô,Số Lượng,Đơn Giá (Có VAT),Doanh Số (Có VAT),Đơn Giá (Chưa VAT),Doanh Số (Chưa VAT),Ngày Đặt Đon,Người Tạo Đơn,Ngày Giao Hàng,Mã NV,Tên CVBH,Tên Quản Lý TT,Tên Quản Lý Khu Vực,Tên Quản Lý Vùng,Mã NVGH,Người Giao hàng,Trạng Thái Giao Hàng,Sổ Xuất Hàng,Đơn Vị Giao Hàng,Tên Nhà Vận Chuyển,Số Xe,Người Chịu Trách Nhiệm Nợ,Kiểu Đơn Hàng,Mã Lý Do,Mã CSBH,Tên CSBH,Mã CTKM,Tên CTKM,Mã CTTL,Tên CTTL,Người Liên Hệ,Số Điện Thoại
MR0001,CÔNG TY CỔ PHẦN DƯỢC PHA NAM,2021-09-02 00:00:00.000,DH092021-00123,,01/01/1900,0001392,01/11/2021,,Đã Phát Hành,V4711-0001,Công Ty Cổ Phần Dược Phẩm FPT Long Châu,"379-381 Hai Bà Trưng, Phường Võ Thị Sáu, Quận 3, Thành phố Hồ Chí Minh, Việt Nam",0315275368,M0318001,M0318001,CTy CP Dược Phẩm FPT Long Châu - Quận 3 - HCM,"379 Hai Bà Trưng, Phường 08, Quận 3, Thành phố Hồ Chí Minh",HCM,Hồ Chí Minh,9,Hồ Chí Minh 2,30,Thành phố Hồ Chí Minh,306,Quận 3,Phường 08,OTC,OTC,CHUOI,Chuỗi,MT,Modern Trade,MT,Modern Trade, ,,OH050,Xisat Viêm Mũi 75ml,XIS-VM75,0060821,500.0,28000.0,14000000.0,26667.0,13333500.0,2021-09-01 15:34:38.950,Nguyễn Thanh Như,02/09/2021,MR0868,Nguyễn Thị Nga,Nguyễn Thị Nga,Nguyễn Thị Nga,Nguyễn Thị Nga,MR0246,Nguyễn Văn Tuấn,Chưa xác nhận,202109000000100,Pha Nam,,,Nguyễn Văn Tuấn,IN,,CSBH2104OTC-04QD/MR-XOS,MR- Chính sách bán hàng kênh MT - OTC,,,,, , 
MR0001,CÔNG TY CỔ PHẦN DƯỢC PHA NAM,2021-09-02 00:00:00.000,DH092021-00123,,01/01/1900,0001392,01/11/2021,,Đã Phát Hành,V4711-0001,Công Ty Cổ Phần Dược Phẩm FPT Long Châu,"379-381 Hai Bà Trưng, Phường Võ Thị Sáu, Quận 3, Thành phố Hồ Chí Minh, Việt Nam",0315275368,M0318001,M0318001,CTy CP Dược Phẩm FPT Long Châu - Quận 3 - HCM,"379 Hai Bà Trưng, Phường 08, Quận 3, Thành phố Hồ Chí Minh",HCM,Hồ Chí Minh,9,Hồ Chí Minh 2,30,Thành phố Hồ Chí Minh,306,Quận 3,Phường 08,OTC,OTC,CHUOI,Chuỗi,MT,Modern Trade,MT,Modern Trade, ,,OH051,Xisat Hàng Ngày 75ml (Xanh),XIS-X75,0200821,500.0,24500.0,12250000.0,23333.0,11666500.0,2021-09-01 15:34:38.950,Nguyễn Thanh Như,02/09/2021,MR0868,Nguyễn Thị Nga,Nguyễn Thị Nga,Nguyễn Thị Nga,Nguyễn Thị Nga,MR0246,Nguyễn Văn Tuấn,Chưa xác nhận,202109000000100,Pha Nam,,,Nguyễn Văn Tuấn,IN,,CSBH2104OTC-04QD/MR-XOS,MR- Chính sách bán hàng kênh MT - OTC,,,,, , 
MR0001,CÔNG TY CỔ PHẦN DƯỢC PHA NAM,2021-09-02 00:00:00.000,DH092021-00123,,01/01/1900,0001392,01/11/2021,,Đã Phát Hành,V4711-0001,Công Ty Cổ Phần Dược Phẩm FPT Long Châu,"379-381 Hai Bà Trưng, Phường Võ Thị Sáu, Quận 3, Thành phố Hồ Chí Minh, Việt Nam",0315275368,M0318001,M0318001,CTy CP Dược Phẩm FPT Long Châu - Quận 3 - HCM,"379 Hai Bà Trưng, Phường 08, Quận 3, Thành phố Hồ Chí Minh",HCM,Hồ Chí Minh,9,Hồ Chí Minh 2,30,Thành phố Hồ Chí Minh,306,Quận 3,Phường 08,OTC,OTC,CHUOI,Chuỗi,MT,Modern Trade,MT,Modern Trade, ,,OH052,Xisat Hàng Ngày 75ml (Hồng),XIS-H75,0160821,500.0,27000.0,13500000.0,25714.0,12857000.0,2021-09-01 15:34:38.950,Nguyễn Thanh Như,02/09/2021,MR0868,Nguyễn Thị Nga,Nguyễn Thị Nga,Nguyễn Thị Nga,Nguyễn Thị Nga,MR0246,Nguyễn Văn Tuấn,Chưa xác nhận,202109000000100,Pha Nam,,,Nguyễn Văn Tuấn,IN,,CSBH2104OTC-04QD/MR-XOS,MR- Chính sách bán hàng kênh MT - OTC,,,,, , 
MR0001,CÔNG TY CỔ PHẦN DƯỢC PHA NAM,2021-09-02 00:00:00.000,DH092021-00151,,01/01/1900,0001393,01/11/2021,,Đã Phát Hành,V4711-0001,Công Ty Cổ Phần Dược Phẩm FPT Long Châu,"379-381 Hai Bà Trưng, Phường Võ Thị Sáu, Quận 3, Thành phố Hồ Chí Minh, Việt Nam",0315275368,M0318001,M0318001,CTy CP Dược Phẩm FPT Long Châu - Quận 3 - HCM,"379 Hai Bà Trưng, Phường 08, Quận 3, Thành phố Hồ Chí Minh",HCM,Hồ Chí Minh,9,Hồ Chí Minh 2,30,Thành phố Hồ Chí Minh,306,Quận 3,Phường 08,OTC,OTC,CHUOI,Chuỗi,MT,Modern Trade,MT,Modern Trade, ,,EH086,Benita,BNT,0060521,23.0,90000.0,2070000.0,85714.0,1971422.0,2021-09-01 15:22:29.713,Nguyễn Thanh Như,02/09/2021,MR0868,Nguyễn Thị Nga,Nguyễn Thị Nga,Nguyễn Thị Nga,Nguyễn Thị Nga,MR0246,Nguyễn Văn Tuấn,Chưa xác nhận,202109000000100,Pha Nam,,,Nguyễn Văn Tuấn,IN,,CSBH2104OTC-04QD/MR-SPCL,MR- Chính sách bán hàng kênh MT - OTC,,,,, , 
MR0001,CÔNG TY CỔ PHẦN DƯỢC PHA NAM,2021-09-02 00:00:00.000,DH092021-00151,,01/01/1900,0001393,01/11/2021,,Đã Phát Hành,V4711-0001,Công Ty Cổ Phần Dược Phẩm FPT Long Châu,"379-381 Hai Bà Trưng, Phường Võ Thị Sáu, Quận 3, Thành phố Hồ Chí Minh, Việt Nam",0315275368,M0318001,M0318001,CTy CP Dược Phẩm FPT Long Châu - Quận 3 - HCM,"379 Hai Bà Trưng, Phường 08, Quận 3, Thành phố Hồ Chí Minh",HCM,Hồ Chí Minh,9,Hồ Chí Minh 2,30,Thành phố Hồ Chí Minh,306,Quận 3,Phường 08,OTC,OTC,CHUOI,Chuỗi,MT,Modern Trade,MT,Modern Trade, ,,EH087,Meseca,MSC,0030521,10.0,96000.0,960000.0,91429.0,914290.0,2021-09-01 15:22:29.713,Nguyễn Thanh Như,02/09/2021,MR0868,Nguyễn Thị Nga,Nguyễn Thị Nga,Nguyễn Thị Nga,Nguyễn Thị Nga,MR0246,Nguyễn Văn Tuấn,Chưa xác nhận,202109000000100,Pha Nam,,,Nguyễn Văn Tuấn,IN,,CSBH2104OTC-04QD/MR-SPCL,MR- Chính sách bán hàng kênh MT - OTC,,,,, , 
MR0001,CÔNG TY CỔ PHẦN DƯỢC PHA NAM,2021-09-02 00:00:00.000,DH092021-00151,,01/01/1900,0001393,01/11/2021,,Đã Phát Hành,V4711-0001,Công Ty Cổ Phần Dược Phẩm FPT Long Châu,"379-381 Hai Bà Trưng, Phường Võ Thị Sáu, Quận 3, Thành phố Hồ Chí Minh, Việt Nam",0315275368,M0318001,M0318001,CTy CP Dược Phẩm FPT Long Châu - Quận 3 - HCM,"379 Hai Bà Trưng, Phường 08, Quận 3, Thành phố Hồ Chí Minh",HCM,Hồ Chí Minh,9,Hồ Chí Minh 2,30,Thành phố Hồ Chí Minh,306,Quận 3,Phường 08,OTC,OTC,CHUOI,Chuỗi,MT,Modern Trade,MT,Modern Trade, ,,EH091,Syseye 10ml,SSE,0050521,4.0,25000.0,100000.0,23810.0,95240.0,2021-09-01 15:22:29.713,Nguyễn Thanh Như,02/09/2021,MR0868,Nguyễn Thị Nga,Nguyễn Thị Nga,Nguyễn Thị Nga,Nguyễn Thị Nga,MR0246,Nguyễn Văn Tuấn,Chưa xác nhận,202109000000100,Pha Nam,,,Nguyễn Văn Tuấn,IN,,CSBH2104OTC-04QD/MR-SPCL,MR- Chính sách bán hàng kênh MT - OTC,,,,, , 
MR0001,CÔNG TY CỔ PHẦN DƯỢC PHA NAM,2021-09-02 00:00:00.000,DH092021-00151,,01/01/1900,0001393,01/11/2021,,Đã Phát Hành,V4711-0001,Công Ty Cổ Phần Dược Phẩm FPT Long Châu,"379-381 Hai Bà Trưng, Phường Võ Thị Sáu, Quận 3, Thành phố Hồ Chí Minh, Việt Nam",0315275368,M0318001,M0318001,CTy CP Dược Phẩm FPT Long Châu - Quận 3 - HCM,"379 Hai Bà Trưng, Phường 08, Quận 3, Thành phố Hồ Chí Minh",HCM,Hồ Chí Minh,9,Hồ Chí Minh 2,30,Thành phố Hồ Chí Minh,306,Quận 3,Phường 08,OTC,OTC,CHUOI,Chuỗi,MT,Modern Trade,MT,Modern Trade, ,,EH092,Medoral 250ml,MDR,0460821,271.0,90000.0,24390000.0,85714.0,23228494.0,2021-09-01 15:22:29.713,Nguyễn Thanh Như,02/09/2021,MR0868,Nguyễn Thị Nga,Nguyễn Thị Nga,Nguyễn Thị Nga,Nguyễn Thị Nga,MR0246,Nguyễn Văn Tuấn,Chưa xác nhận,202109000000100,Pha Nam,,,Nguyễn Văn Tuấn,IN,,CSBH2104OTC-04QD/MR-SPCL,MR- Chính sách bán hàng kênh MT - OTC,,,,, , 
MR0001,CÔNG TY CỔ PHẦN DƯỢC PHA NAM,2021-09-02 00:00:00.000,DH092021-00144,,01/01/1900,0001394,01/11/2021,,Đã Phát Hành,V4711-0001,Công Ty Cổ Phần Dược Phẩm FPT Long Châu,"379-381 Hai Bà Trưng, Phường Võ Thị Sáu, Quận 3, Thành phố Hồ Chí Minh, Việt Nam",0315275368,M0318001,M0318001,CTy CP Dược Phẩm FPT Long Châu - Quận 3 - HCM,"379 Hai Bà Trưng, Phường 08, Quận 3, Thành phố Hồ Chí Minh",HCM,Hồ Chí Minh,9,Hồ Chí Minh 2,30,Thành phố Hồ Chí Minh,306,Quận 3,Phường 08,OTC,OTC,CHUOI,Chuỗi,MT,Modern Trade,MT,Modern Trade, ,,OH051,Xisat Hàng Ngày 75ml (Xanh),XIS-X75,0200821,200.0,24500.0,4900000.0,23333.0,4666600.0,2021-09-01 15:27:50.397,Nguyễn Thanh Như,02/09/2021,MR0868,Nguyễn Thị Nga,Nguyễn Thị Nga,Nguyễn Thị Nga,Nguyễn Thị Nga,MR0025,Phạm Ngọc Trường,Đã giao hàng,202109A00000117,Pha Nam,,,Phạm Ngọc Trường,IN,,CSBH2104OTC-04QD/MR-XOS,MR- Chính sách bán hàng kênh MT - OTC,,,,, , 
MR0001,CÔNG TY CỔ PHẦN DƯỢC PHA NAM,2021-09-02 00:00:00.000,DH092021-00144,,01/01/1900,0001394,01/11/2021,,Đã Phát Hành,V4711-0001,Công Ty Cổ Phần Dược Phẩm FPT Long Châu,"379-381 Hai Bà Trưng, Phường Võ Thị Sáu, Quận 3, Thành phố Hồ Chí Minh, Việt Nam",0315275368,M0318001,M0318001,CTy CP Dược Phẩm FPT Long Châu - Quận 3 - HCM,"379 Hai Bà Trưng, Phường 08, Quận 3, Thành phố Hồ Chí Minh",HCM,Hồ Chí Minh,9,Hồ Chí Minh 2,30,Thành phố Hồ Chí Minh,306,Quận 3,Phường 08,OTC,OTC,CHUOI,Chuỗi,MT,Modern Trade,MT,Modern Trade, ,,OH051,Xisat Hàng Ngày 75ml (Xanh),XIS-X75,0220821,800.0,24500.0,19600000.0,23333.0,18666400.0,2021-09-01 15:27:50.397,Nguyễn Thanh Như,02/09/2021,MR0868,Nguyễn Thị Nga,Nguyễn Thị Nga,Nguyễn Thị Nga,Nguyễn Thị Nga,MR0025,Phạm Ngọc Trường,Đã giao hàng,202109A00000117,Pha Nam,,,Phạm Ngọc Trường,IN,,CSBH2104OTC-04QD/MR-XOS,MR- Chính sách bán hàng kênh MT - OTC,,,,, , 
MR0001,CÔNG TY CỔ PHẦN DƯỢC PHA NAM,2021-09-02 00:00:00.000,DH092021-00144,,01/01/1900,0001394,01/11/2021,,Đã Phát Hành,V4711-0001,Công Ty Cổ Phần Dược Phẩm FPT Long Châu,"379-381 Hai Bà Trưng, Phường Võ Thị Sáu, Quận 3, Thành phố Hồ Chí Minh, Việt Nam",0315275368,M0318001,M0318001,CTy CP Dược Phẩm FPT Long Châu - Quận 3 - HCM,"379 Hai Bà Trưng, Phường 08, Quận 3, Thành phố Hồ Chí Minh",HCM,Hồ Chí Minh,9,Hồ Chí Minh 2,30,Thành phố Hồ Chí Minh,306,Quận 3,Phường 08,OTC,OTC,CHUOI,Chuỗi,MT,Modern Trade,MT,Modern Trade, ,,OH052,Xisat Hàng Ngày 75ml (Hồng),XIS-H75,0160821,500.0,27000.0,13500000.0,25714.0,12857000.0,2021-09-01 15:27:50.397,Nguyễn Thanh Như,02/09/2021,MR0868,Nguyễn Thị Nga,Nguyễn Thị Nga,Nguyễn Thị Nga,Nguyễn Thị Nga,MR0025,Phạm Ngọc Trường,Đã giao hàng,202109A00000117,Pha Nam,,,Phạm Ngọc Trường,IN,,CSBH2104OTC-04QD/MR-XOS,MR- Chính sách bán hàng kênh MT - OTC,,,,, , 
MR0001,CÔNG TY CỔ PHẦN DƯỢC PHA NAM,2021-09-02 00:00:00.000,DH092021-00146,,01/01/1900,0001395,01/11/2021,,Đã Phát Hành,V4711-0001,Công Ty Cổ Phần Dược Phẩm FPT Long Châu,"379-381 Hai Bà Trưng, Phường Võ Thị Sáu, Quận 3, Thành phố Hồ Chí Minh, Việt Nam",0315275368,M0318001,M0318001,CTy CP Dược Phẩm FPT Long Châu - Quận 3 - HCM,"379 Hai Bà Trưng, Phường 08, Quận 3, Thành phố Hồ Chí Minh",HCM,Hồ Chí Minh,9,Hồ Chí Minh 2,30,Thành phố Hồ Chí Minh,306,Quận 3,Phường 08,OTC,OTC,CHUOI,Chuỗi,MT,Modern Trade,MT,Modern Trade, ,,OH050,Xisat Viêm Mũi 75ml,XIS-VM75,0060821,500.0,28000.0,14000000.0,26667.0,13333500.0,2021-09-01 15:27:08.380,Nguyễn Thanh Như,02/09/2021,MR0868,Nguyễn Thị Nga,Nguyễn Thị Nga,Nguyễn Thị Nga,Nguyễn Thị Nga,MR0025,Phạm Ngọc Trường,Đã giao hàng,202109A00000118,Pha Nam,,,Phạm Ngọc Trường,IN,,CSBH2104OTC-04QD/MR-XOS,MR- Chính sách bán hàng kênh MT - OTC,,,,, , 
MR0001,CÔNG TY CỔ PHẦN DƯỢC PHA NAM,2021-09-02 00:00:00.000,DH092021-00146,,01/01/1900,0001395,01/11/2021,,Đã Phát Hành,V4711-0001,Công Ty Cổ Phần Dược Phẩm FPT Long Châu,"379-381 Hai Bà Trưng, Phường Võ Thị Sáu, Quận 3, Thành phố Hồ Chí Minh, Việt Nam",0315275368,M0318001,M0318001,CTy CP Dược Phẩm FPT Long Châu - Quận 3 - HCM,"379 Hai Bà Trưng, Phường 08, Quận 3, Thành phố Hồ Chí Minh",HCM,Hồ Chí Minh,9,Hồ Chí Minh 2,30,Thành phố Hồ Chí Minh,306,Quận 3,Phường 08,OTC,OTC,CHUOI,Chuỗi,MT,Modern Trade,MT,Modern Trade, ,,OH051,Xisat Hàng Ngày 75ml (Xanh),XIS-X75,0220821,5000.0,24500.0,122500000.0,23333.0,116665000.0,2021-09-01 15:27:08.380,Nguyễn Thanh Như,02/09/2021,MR0868,Nguyễn Thị Nga,Nguyễn Thị Nga,Nguyễn Thị Nga,Nguyễn Thị Nga,MR0025,Phạm Ngọc Trường,Đã giao hàng,202109A00000118,Pha Nam,,,Phạm Ngọc Trường,IN,,CSBH2104OTC-04QD/MR-XOS,MR- Chính sách bán hàng kênh MT - OTC,,,,, , 
MR0001,CÔNG TY CỔ PHẦN DƯỢC PHA NAM,2021-09-02 00:00:00.000,DH092021-00146,,01/01/1900,0001395,01/11/2021,,Đã Phát Hành,V4711-0001,Công Ty Cổ Phần Dược Phẩm FPT Long Châu,"379-381 Hai Bà Trưng, Phường Võ Thị Sáu, Quận 3, Thành phố Hồ Chí Minh, Việt Nam",0315275368,M0318001,M0318001,CTy CP Dược Phẩm FPT Long Châu - Quận 3 - HCM,"379 Hai Bà Trưng, Phường 08, Quận 3, Thành phố Hồ Chí Minh",HCM,Hồ Chí Minh,9,Hồ Chí Minh 2,30,Thành phố Hồ Chí Minh,306,Quận 3,Phường 08,OTC,OTC,CHUOI,Chuỗi,MT,Modern Trade,MT,Modern Trade, ,,OH052,Xisat Hàng Ngày 75ml (Hồng),XIS-H75,0160821,1000.0,27000.0,27000000.0,25714.0,25714000.0,2021-09-01 15:27:08.380,Nguyễn Thanh Như,02/09/2021,MR0868,Nguyễn Thị Nga,Nguyễn Thị Nga,Nguyễn Thị Nga,Nguyễn Thị Nga,MR0025,Phạm Ngọc Trường,Đã giao hàng,202109A00000118,Pha Nam,,,Phạm Ngọc Trường,IN,,CSBH2104OTC-04QD/MR-XOS,MR- Chính sách bán hàng kênh MT - OTC,,,,, , 
MR0012,CÔNG TY CỔ PHẦN DƯỢC PHA NAM - CHI NHÁNH NGHỆ AN,2021-09-02 00:00:00.000,DH092021-00038,,01/01/1900,0003953,05/09/2021,,Đã Phát Hành,T4316-0020,Quầy thuốc Hà Đua,"Thôn 10, Xã Quảng Cát, Huyện Quảng Xương, Tỉnh Thanh Hóa, Việt Nam",8065669731,TN80O451,TN80O451,QT Hà Đua - Quảng Xương - Thanh Hóa,"Thôn 10, Xã Quảng Cát, Huyện Quảng Xương, Tỉnh Thanh Hóa",BB,Bắc Bộ,19,Đông Nam 2,57,Thanh Hóa,620,Huyện Quảng Xương,Xã Quảng Cát,OTC,OTC,NT,Nhà Thuốc,NT,Nhà Thuốc,NTL,Nhà Thuốc Lẻ,KB,KB,OH031,"OSLA15ml, Việt Nam",OS15,0760621,1.0,19000.0,0.0,18095.0,0.0,2021-09-01 15:23:42.397,,02/09/2021,MR2454,Nguyễn Đình Lập,Nguyễn Trọng Đồng,Ngô Tiến Vũ,Dương Tấn Bửu,MR2036,Lê Văn Sâm,Chưa xác nhận,202109000000005,Chành xe,,,Lê Văn Sâm,IN,,,,CTKM2108OTC-SO15CPA,MR- CT HTBH Giỏ hàng XOM T8-9.2021,,,Nguyễn Thị Hà,0972201843
MR0012,CÔNG TY CỔ PHẦN DƯỢC PHA NAM - CHI NHÁNH NGHỆ AN,2021-09-02 00:00:00.000,DH092021-00038,,01/01/1900,0003953,05/09/2021,,Đã Phát Hành,T4316-0020,Quầy thuốc Hà Đua,"Thôn 10, Xã Quảng Cát, Huyện Quảng Xương, Tỉnh Thanh Hóa, Việt Nam",8065669731,TN80O451,TN80O451,QT Hà Đua - Quảng Xương - Thanh Hóa,"Thôn 10, Xã Quảng Cát, Huyện Quảng Xương, Tỉnh Thanh Hóa",BB,Bắc Bộ,19,Đông Nam 2,57,Thanh Hóa,620,Huyện Quảng Xương,Xã Quảng Cát,OTC,OTC,NT,Nhà Thuốc,NT,Nhà Thuốc,NTL,Nhà Thuốc Lẻ,KB,KB,OH031,"OSLA15ml, Việt Nam",OS15,0760621,50.0,19000.0,950000.0,18095.0,904750.0,2021-09-01 15:23:42.397,,02/09/2021,MR2454,Nguyễn Đình Lập,Nguyễn Trọng Đồng,Ngô Tiến Vũ,Dương Tấn Bửu,MR2036,Lê Văn Sâm,Chưa xác nhận,202109000000005,Chành xe,,,Lê Văn Sâm,IN,,,,,,,,Nguyễn Thị Hà,0972201843
MR0012,CÔNG TY CỔ PHẦN DƯỢC PHA NAM - CHI NHÁNH NGHỆ AN,2021-09-02 00:00:00.000,DH092021-00038,,01/01/1900,0003953,05/09/2021,,Đã Phát Hành,T4316-0020,Quầy thuốc Hà Đua,"Thôn 10, Xã Quảng Cát, Huyện Quảng Xương, Tỉnh Thanh Hóa, Việt Nam",8065669731,TN80O451,TN80O451,QT Hà Đua - Quảng Xương - Thanh Hóa,"Thôn 10, Xã Quảng Cát, Huyện Quảng Xương, Tỉnh Thanh Hóa",BB,Bắc Bộ,19,Đông Nam 2,57,Thanh Hóa,620,Huyện Quảng Xương,Xã Quảng Cát,OTC,OTC,NT,Nhà Thuốc,NT,Nhà Thuốc,NTL,Nhà Thuốc Lẻ,KB,KB,OH051,Xisat Hàng Ngày 75ml (Xanh),XIS-X75,0230821,1.0,24500.0,0.0,23333.0,0.0,2021-09-01 15:23:42.397,,02/09/2021,MR2454,Nguyễn Đình Lập,Nguyễn Trọng Đồng,Ngô Tiến Vũ,Dương Tấn Bửu,MR2036,Lê Văn Sâm,Chưa xác nhận,202109000000005,Chành xe,,,Lê Văn Sâm,IN,,,,CTKM2108OTC-SO15CPA,Mua đơn hàng XOM 1.5tr: 01 Medoral 125ml KHÔNG CỒN + 01 Xisat Xanh,,,Nguyễn Thị Hà,0972201843
MR0012,CÔNG TY CỔ PHẦN DƯỢC PHA NAM - CHI NHÁNH NGHỆ AN,2021-09-02 00:00:00.000,DH092021-00038,,01/01/1900,0003953,05/09/2021,,Đã Phát Hành,T4316-0020,Quầy thuốc Hà Đua,"Thôn 10, Xã Quảng Cát, Huyện Quảng Xương, Tỉnh Thanh Hóa, Việt Nam",8065669731,TN80O451,TN80O451,QT Hà Đua - Quảng Xương - Thanh Hóa,"Thôn 10, Xã Quảng Cát, Huyện Quảng Xương, Tỉnh Thanh Hóa",BB,Bắc Bộ,19,Đông Nam 2,57,Thanh Hóa,620,Huyện Quảng Xương,Xã Quảng Cát,OTC,OTC,NT,Nhà Thuốc,NT,Nhà Thuốc,NTL,Nhà Thuốc Lẻ,KB,KB,OH052,Xisat Hàng Ngày 75ml (Hồng),XIS-H75,0160821,2.0,27000.0,0.0,25714.0,0.0,2021-09-01 15:23:42.397,,02/09/2021,MR2454,Nguyễn Đình Lập,Nguyễn Trọng Đồng,Ngô Tiến Vũ,Dương Tấn Bửu,MR2036,Lê Văn Sâm,Chưa xác nhận,202109000000005,Chành xe,,,Lê Văn Sâm,IN,,,,CTKM2108OTC-SO15CPA,MR- CT HTBH Giỏ hàng XOM T8-9.2021,,,Nguyễn Thị Hà,0972201843
MR0012,CÔNG TY CỔ PHẦN DƯỢC PHA NAM - CHI NHÁNH NGHỆ AN,2021-09-02 00:00:00.000,DH092021-00038,,01/01/1900,0003953,05/09/2021,,Đã Phát Hành,T4316-0020,Quầy thuốc Hà Đua,"Thôn 10, Xã Quảng Cát, Huyện Quảng Xương, Tỉnh Thanh Hóa, Việt Nam",8065669731,TN80O451,TN80O451,QT Hà Đua - Quảng Xương - Thanh Hóa,"Thôn 10, Xã Quảng Cát, Huyện Quảng Xương, Tỉnh Thanh Hóa",BB,Bắc Bộ,19,Đông Nam 2,57,Thanh Hóa,620,Huyện Quảng Xương,Xã Quảng Cát,OTC,OTC,NT,Nhà Thuốc,NT,Nhà Thuốc,NTL,Nhà Thuốc Lẻ,KB,KB,OH052,Xisat Hàng Ngày 75ml (Hồng),XIS-H75,0160821,50.0,27000.0,1350000.0,25714.0,1285700.0,2021-09-01 15:23:42.397,,02/09/2021,MR2454,Nguyễn Đình Lập,Nguyễn Trọng Đồng,Ngô Tiến Vũ,Dương Tấn Bửu,MR2036,Lê Văn Sâm,Chưa xác nhận,202109000000005,Chành xe,,,Lê Văn Sâm,IN,,,,,,,,Nguyễn Thị Hà,0972201843
MR0012,CÔNG TY CỔ PHẦN DƯỢC PHA NAM - CHI NHÁNH NGHỆ AN,2021-09-02 00:00:00.000,DH092021-00038,,01/01/1900,0003953,05/09/2021,,Đã Phát Hành,T4316-0020,Quầy thuốc Hà Đua,"Thôn 10, Xã Quảng Cát, Huyện Quảng Xương, Tỉnh Thanh Hóa, Việt Nam",8065669731,TN80O451,TN80O451,QT Hà Đua - Quảng Xương - Thanh Hóa,"Thôn 10, Xã Quảng Cát, Huyện Quảng Xương, Tỉnh Thanh Hóa",BB,Bắc Bộ,19,Đông Nam 2,57,Thanh Hóa,620,Huyện Quảng Xương,Xã Quảng Cát,OTC,OTC,NT,Nhà Thuốc,NT,Nhà Thuốc,NTL,Nhà Thuốc Lẻ,KB,KB,OH082,Medoral KC 125,MDR125KC,0010821,1.0,50000.0,0.0,47619.0,0.0,2021-09-01 15:23:42.397,,02/09/2021,MR2454,Nguyễn Đình Lập,Nguyễn Trọng Đồng,Ngô Tiến Vũ,Dương Tấn Bửu,MR2036,Lê Văn Sâm,Chưa xác nhận,202109000000005,Chành xe,,,Lê Văn Sâm,IN,,,,CTKM2108OTC-SO15CPA,Mua đơn hàng XOM 1.5tr: 01 Medoral 125ml KHÔNG CỒN + 01 Xisat Xanh,,,Nguyễn Thị Hà,0972201843
MR0012,CÔNG TY CỔ PHẦN DƯỢC PHA NAM - CHI NHÁNH NGHỆ AN,2021-09-02 00:00:00.000,DH092021-00038,,01/01/1900,0003953,05/09/2021,,Đã Phát Hành,T4316-0020,Quầy thuốc Hà Đua,"Thôn 10, Xã Quảng Cát, Huyện Quảng Xương, Tỉnh Thanh Hóa, Việt Nam",8065669731,TN80O451,TN80O451,QT Hà Đua - Quảng Xương - Thanh Hóa,"Thôn 10, Xã Quảng Cát, Huyện Quảng Xương, Tỉnh Thanh Hóa",BB,Bắc Bộ,19,Đông Nam 2,57,Thanh Hóa,620,Huyện Quảng Xương,Xã Quảng Cát,OTC,OTC,NT,Nhà Thuốc,NT,Nhà Thuốc,NTL,Nhà Thuốc Lẻ,KB,KB,VT04785,Túi vải không dệt (KM),Túi vải không dệt (KM),000,1.0,0.0,0.0,0.0,0.0,2021-09-01 15:23:42.397,,02/09/2021,MR2454,Nguyễn Đình Lập,Nguyễn Trọng Đồng,Ngô Tiến Vũ,Dương Tấn Bửu,MR2036,Lê Văn Sâm,Chưa xác nhận,202109000000005,Chành xe,,,Lê Văn Sâm,IN,,,,CTKM2108OTC-SO15CPA,Mua đơn hàng XOM 1.5tr: 01 Medoral 125ml KHÔNG CỒN + 01 Xisat Xanh,,,Nguyễn Thị Hà,0972201843
MR0012,CÔNG TY CỔ PHẦN DƯỢC PHA NAM - CHI NHÁNH NGHỆ AN,2021-09-02 00:00:00.000,DH092021-00038,,01/01/1900,0003953,05/09/2021,,Đã Phát Hành,T4316-0020,Quầy thuốc Hà Đua,"Thôn 10, Xã Quảng Cát, Huyện Quảng Xương, Tỉnh Thanh Hóa, Việt Nam",8065669731,TN80O451,TN80O451,QT Hà Đua - Quảng Xương - Thanh Hóa,"Thôn 10, Xã Quảng Cát, Huyện Quảng Xương, Tỉnh Thanh Hóa",BB,Bắc Bộ,19,Đông Nam 2,57,Thanh Hóa,620,Huyện Quảng Xương,Xã Quảng Cát,OTC,OTC,NT,Nhà Thuốc,NT,Nhà Thuốc,NTL,Nhà Thuốc Lẻ,KB,KB,VT04786,Tờ rơi chương trình chống dịch,Tờ rơi chương trình chống dịch,000,1.0,0.0,0.0,0.0,0.0,2021-09-01 15:23:42.397,,02/09/2021,MR2454,Nguyễn Đình Lập,Nguyễn Trọng Đồng,Ngô Tiến Vũ,Dương Tấn Bửu,MR2036,Lê Văn Sâm,Chưa xác nhận,202109000000005,Chành xe,,,Lê Văn Sâm,IN,,,,CTKM2108OTC-SO15CPA,Mua đơn hàng XOM 1.5tr: 01 Medoral 125ml KHÔNG CỒN + 01 Xisat Xanh,,,Nguyễn Thị Hà,0972201843
MR0012,CÔNG TY CỔ PHẦN DƯỢC PHA NAM - CHI NHÁNH NGHỆ AN,2021-09-02 00:00:00.000,DH092021-00039,,01/01/1900,0003954,05/09/2021,,Đã Phát Hành,002516,Quầy thuốc số 6,"Thôn 3, Xã Hoa Lộc, Huyện Hậu Lộc, Tỉnh Thanh Hóa, Việt Nam",Người mua không cung cấp,TN80O017,TN80O017,QT Số 6 (Nguyễn Thị Nga) - Hậu Lộc - Thanh Hóa,"Chợ Cồn Cao, Xã Hoa Lộc, Huyện Hậu Lộc, Tỉnh Thanh Hóa",BB,Bắc Bộ,19,Đông Nam 2,57,Thanh Hóa,609,Huyện Hậu Lộc,Xã Hoa Lộc,OTC,OTC,NT,Nhà Thuốc,NT,Nhà Thuốc,NTL,Nhà Thuốc Lẻ,KB,KB,OH031,"OSLA15ml, Việt Nam",OS15,0760621,80.0,19000.0,1520000.0,18095.0,1447600.0,2021-09-01 15:24:43.800,,02/09/2021,MR2454,Nguyễn Đình Lập,Nguyễn Trọng Đồng,Ngô Tiến Vũ,Dương Tấn Bửu,MR2036,Lê Văn Sâm,Chưa xác nhận,202109000000005,Chành xe,,,Lê Văn Sâm,IN,,,,,,,,Nguyễn Thị Nga,0918582861
MR0012,CÔNG TY CỔ PHẦN DƯỢC PHA NAM - CHI NHÁNH NGHỆ AN,2021-09-02 00:00:00.000,DH092021-00039,,01/01/1900,0003954,05/09/2021,,Đã Phát Hành,002516,Quầy thuốc số 6,"Thôn 3, Xã Hoa Lộc, Huyện Hậu Lộc, Tỉnh Thanh Hóa, Việt Nam",Người mua không cung cấp,TN80O017,TN80O017,QT Số 6 (Nguyễn Thị Nga) - Hậu Lộc - Thanh Hóa,"Chợ Cồn Cao, Xã Hoa Lộc, Huyện Hậu Lộc, Tỉnh Thanh Hóa",BB,Bắc Bộ,19,Đông Nam 2,57,Thanh Hóa,609,Huyện Hậu Lộc,Xã Hoa Lộc,OTC,OTC,NT,Nhà Thuốc,NT,Nhà Thuốc,NTL,Nhà Thuốc Lẻ,KB,KB,OH051,Xisat Hàng Ngày 75ml (Xanh),XIS-X75,0230821,1.0,24500.0,0.0,23333.0,0.0,2021-09-01 15:24:43.800,,02/09/2021,MR2454,Nguyễn Đình Lập,Nguyễn Trọng Đồng,Ngô Tiến Vũ,Dương Tấn Bửu,MR2036,Lê Văn Sâm,Chưa xác nhận,202109000000005,Chành xe,,,Lê Văn Sâm,IN,,,,CTKM2108OTC-SO15CPA,Mua đơn hàng XOM 1.5tr: 01 Medoral 125ml KHÔNG CỒN + 01 Xisat Xanh,,,Nguyễn Thị Nga,0918582861
MR0012,CÔNG TY CỔ PHẦN DƯỢC PHA NAM - CHI NHÁNH NGHỆ AN,2021-09-02 00:00:00.000,DH092021-00039,,01/01/1900,0003954,05/09/2021,,Đã Phát Hành,002516,Quầy thuốc số 6,"Thôn 3, Xã Hoa Lộc, Huyện Hậu Lộc, Tỉnh Thanh Hóa, Việt Nam",Người mua không cung cấp,TN80O017,TN80O017,QT Số 6 (Nguyễn Thị Nga) - Hậu Lộc - Thanh Hóa,"Chợ Cồn Cao, Xã Hoa Lộc, Huyện Hậu Lộc, Tỉnh Thanh Hóa",BB,Bắc Bộ,19,Đông Nam 2,57,Thanh Hóa,609,Huyện Hậu Lộc,Xã Hoa Lộc,OTC,OTC,NT,Nhà Thuốc,NT,Nhà Thuốc,NTL,Nhà Thuốc Lẻ,KB,KB,OH052,Xisat Hàng Ngày 75ml (Hồng),XIS-H75,0160821,2.0,27000.0,0.0,25714.0,0.0,2021-09-01 15:24:43.800,,02/09/2021,MR2454,Nguyễn Đình Lập,Nguyễn Trọng Đồng,Ngô Tiến Vũ,Dương Tấn Bửu,MR2036,Lê Văn Sâm,Chưa xác nhận,202109000000005,Chành xe,,,Lê Văn Sâm,IN,,,,CTKM2108OTC-SO15CPA,MR- CT HTBH Giỏ hàng XOM T8-9.2021,,,Nguyễn Thị Nga,0918582861
MR0012,CÔNG TY CỔ PHẦN DƯỢC PHA NAM - CHI NHÁNH NGHỆ AN,2021-09-02 00:00:00.000,DH092021-00039,,01/01/1900,0003954,05/09/2021,,Đã Phát Hành,002516,Quầy thuốc số 6,"Thôn 3, Xã Hoa Lộc, Huyện Hậu Lộc, Tỉnh Thanh Hóa, Việt Nam",Người mua không cung cấp,TN80O017,TN80O017,QT Số 6 (Nguyễn Thị Nga) - Hậu Lộc - Thanh Hóa,"Chợ Cồn Cao, Xã Hoa Lộc, Huyện Hậu Lộc, Tỉnh Thanh Hóa",BB,Bắc Bộ,19,Đông Nam 2,57,Thanh Hóa,609,Huyện Hậu Lộc,Xã Hoa Lộc,OTC,OTC,NT,Nhà Thuốc,NT,Nhà Thuốc,NTL,Nhà Thuốc Lẻ,KB,KB,OH082,Medoral KC 125,MDR125KC,0010821,1.0,50000.0,0.0,47619.0,0.0,2021-09-01 15:24:43.800,,02/09/2021,MR2454,Nguyễn Đình Lập,Nguyễn Trọng Đồng,Ngô Tiến Vũ,Dương Tấn Bửu,MR2036,Lê Văn Sâm,Chưa xác nhận,202109000000005,Chành xe,,,Lê Văn Sâm,IN,,,,CTKM2108OTC-SO15CPA,Mua đơn hàng XOM 1.5tr: 01 Medoral 125ml KHÔNG CỒN + 01 Xisat Xanh,,,Nguyễn Thị Nga,0918582861
MR0012,CÔNG TY CỔ PHẦN DƯỢC PHA NAM - CHI NHÁNH NGHỆ AN,2021-09-02 00:00:00.000,DH092021-00039,,01/01/1900,0003954,05/09/2021,,Đã Phát Hành,002516,Quầy thuốc số 6,"Thôn 3, Xã Hoa Lộc, Huyện Hậu Lộc, Tỉnh Thanh Hóa, Việt Nam",Người mua không cung cấp,TN80O017,TN80O017,QT Số 6 (Nguyễn Thị Nga) - Hậu Lộc - Thanh Hóa,"Chợ Cồn Cao, Xã Hoa Lộc, Huyện Hậu Lộc, Tỉnh Thanh Hóa",BB,Bắc Bộ,19,Đông Nam 2,57,Thanh Hóa,609,Huyện Hậu Lộc,Xã Hoa Lộc,OTC,OTC,NT,Nhà Thuốc,NT,Nhà Thuốc,NTL,Nhà Thuốc Lẻ,KB,KB,VT04785,Túi vải không dệt (KM),Túi vải không dệt (KM),000,1.0,0.0,0.0,0.0,0.0,2021-09-01 15:24:43.800,,02/09/2021,MR2454,Nguyễn Đình Lập,Nguyễn Trọng Đồng,Ngô Tiến Vũ,Dương Tấn Bửu,MR2036,Lê Văn Sâm,Chưa xác nhận,202109000000005,Chành xe,,,Lê Văn Sâm,IN,,,,CTKM2108OTC-SO15CPA,Mua đơn hàng XOM 1.5tr: 01 Medoral 125ml KHÔNG CỒN + 01 Xisat Xanh,,,Nguyễn Thị Nga,0918582861
MR0012,CÔNG TY CỔ PHẦN DƯỢC PHA NAM - CHI NHÁNH NGHỆ AN,2021-09-02 00:00:00.000,DH092021-00039,,01/01/1900,0003954,05/09/2021,,Đã Phát Hành,002516,Quầy thuốc số 6,"Thôn 3, Xã Hoa Lộc, Huyện Hậu Lộc, Tỉnh Thanh Hóa, Việt Nam",Người mua không cung cấp,TN80O017,TN80O017,QT Số 6 (Nguyễn Thị Nga) - Hậu Lộc - Thanh Hóa,"Chợ Cồn Cao, Xã Hoa Lộc, Huyện Hậu Lộc, Tỉnh Thanh Hóa",BB,Bắc Bộ,19,Đông Nam 2,57,Thanh Hóa,609,Huyện Hậu Lộc,Xã Hoa Lộc,OTC,OTC,NT,Nhà Thuốc,NT,Nhà Thuốc,NTL,Nhà Thuốc Lẻ,KB,KB,VT04786,Tờ rơi chương trình chống dịch,Tờ rơi chương trình chống dịch,000,1.0,0.0,0.0,0.0,0.0,2021-09-01 15:24:43.800,,02/09/2021,MR2454,Nguyễn Đình Lập,Nguyễn Trọng Đồng,Ngô Tiến Vũ,Dương Tấn Bửu,MR2036,Lê Văn Sâm,Chưa xác nhận,202109000000005,Chành xe,,,Lê Văn Sâm,IN,,,,CTKM2108OTC-SO15CPA,Mua đơn hàng XOM 1.5tr: 01 Medoral 125ml KHÔNG CỒN + 01 Xisat Xanh,,,Nguyễn Thị Nga,0918582861
MR0012,CÔNG TY CỔ PHẦN DƯỢC PHA NAM - CHI NHÁNH NGHỆ AN,2021-09-02 00:00:00.000,DH092021-00041,,01/01/1900,0003955,05/09/2021,,Đã Phát Hành,T4326-0014,Nhà  thuốc Thảo Vy,"Kiot số 2 Cổng Đông chợ Cột Đỏ, Phường Trường Sơn, Thành phố Sầm Sơn, Tỉnh Thanh Hóa, Việt Nam",2802490095,TN80O1281,TN80O1281,NT Thảo Vy - Sầm Sơn - Thanh Hóa,"Số 29 Phan Bội Châu, Phường Trường Sơn, Thành phố Sầm Sơn, Tỉnh Thanh Hóa",BB,Bắc Bộ,19,Đông Nam 2,57,Thanh Hóa,631,Thành phố Sầm Sơn,Phường Trường Sơn,OTC,OTC,NT,Nhà Thuốc,NT,Nhà Thuốc,NTL,Nhà Thuốc Lẻ,KB,KB,EH102,Medoral 125ml,MDR125,0060821,1.0,52500.0,0.0,50000.0,0.0,2021-09-01 15:26:51.740,,02/09/2021,MR2454,Nguyễn Đình Lập,Nguyễn Trọng Đồng,Ngô Tiến Vũ,Dương Tấn Bửu,MR2036,Lê Văn Sâm,Chưa xác nhận,202109000000005,Chành xe,,,Lê Văn Sâm,IN,,,,CTKM2108OTC-SO15CPA,Mua đơn hàng XOM 1.5tr: Tặng 01 Medoral 125ml + 01 Xisat Xanh 75ml,,,Lê Thị Nam,0356400786
MR0012,CÔNG TY CỔ PHẦN DƯỢC PHA NAM - CHI NHÁNH NGHỆ AN,2021-09-02 00:00:00.000,DH092021-00041,,01/01/1900,0003955,05/09/2021,,Đã Phát Hành,T4326-0014,Nhà  thuốc Thảo Vy,"Kiot số 2 Cổng Đông chợ Cột Đỏ, Phường Trường Sơn, Thành phố Sầm Sơn, Tỉnh Thanh Hóa, Việt Nam",2802490095,TN80O1281,TN80O1281,NT Thảo Vy - Sầm Sơn - Thanh Hóa,"Số 29 Phan Bội Châu, Phường Trường Sơn, Thành phố Sầm Sơn, Tỉnh Thanh Hóa",BB,Bắc Bộ,19,Đông Nam 2,57,Thanh Hóa,631,Thành phố Sầm Sơn,Phường Trường Sơn,OTC,OTC,NT,Nhà Thuốc,NT,Nhà Thuốc,NTL,Nhà Thuốc Lẻ,KB,KB,OH031,"OSLA15ml, Việt Nam",OS15,0760621,80.0,19000.0,1520000.0,18095.0,1447600.0,2021-09-01 15:26:51.740,,02/09/2021,MR2454,Nguyễn Đình Lập,Nguyễn Trọng Đồng,Ngô Tiến Vũ,Dương Tấn Bửu,MR2036,Lê Văn Sâm,Chưa xác nhận,202109000000005,Chành xe,,,Lê Văn Sâm,IN,,,,,,,,Lê Thị Nam,0356400786
MR0012,CÔNG TY CỔ PHẦN DƯỢC PHA NAM - CHI NHÁNH NGHỆ AN,2021-09-02 00:00:00.000,DH092021-00041,,01/01/1900,0003955,05/09/2021,,Đã Phát Hành,T4326-0014,Nhà  thuốc Thảo Vy,"Kiot số 2 Cổng Đông chợ Cột Đỏ, Phường Trường Sơn, Thành phố Sầm Sơn, Tỉnh Thanh Hóa, Việt Nam",2802490095,TN80O1281,TN80O1281,NT Thảo Vy - Sầm Sơn - Thanh Hóa,"Số 29 Phan Bội Châu, Phường Trường Sơn, Thành phố Sầm Sơn, Tỉnh Thanh Hóa",BB,Bắc Bộ,19,Đông Nam 2,57,Thanh Hóa,631,Thành phố Sầm Sơn,Phường Trường Sơn,OTC,OTC,NT,Nhà Thuốc,NT,Nhà Thuốc,NTL,Nhà Thuốc Lẻ,KB,KB,OH051,Xisat Hàng Ngày 75ml (Xanh),XIS-X75,0230821,1.0,24500.0,0.0,23333.0,0.0,2021-09-01 15:26:51.740,,02/09/2021,MR2454,Nguyễn Đình Lập,Nguyễn Trọng Đồng,Ngô Tiến Vũ,Dương Tấn Bửu,MR2036,Lê Văn Sâm,Chưa xác nhận,202109000000005,Chành xe,,,Lê Văn Sâm,IN,,,,CTKM2108OTC-SO15CPA,Mua đơn hàng XOM 1.5tr: Tặng 01 Medoral 125ml + 01 Xisat Xanh 75ml,,,Lê Thị Nam,0356400786
MR0012,CÔNG TY CỔ PHẦN DƯỢC PHA NAM - CHI NHÁNH NGHỆ AN,2021-09-02 00:00:00.000,DH092021-00041,,01/01/1900,0003955,05/09/2021,,Đã Phát Hành,T4326-0014,Nhà  thuốc Thảo Vy,"Kiot số 2 Cổng Đông chợ Cột Đỏ, Phường Trường Sơn, Thành phố Sầm Sơn, Tỉnh Thanh Hóa, Việt Nam",2802490095,TN80O1281,TN80O1281,NT Thảo Vy - Sầm Sơn - Thanh Hóa,"Số 29 Phan Bội Châu, Phường Trường Sơn, Thành phố Sầm Sơn, Tỉnh Thanh Hóa",BB,Bắc Bộ,19,Đông Nam 2,57,Thanh Hóa,631,Thành phố Sầm Sơn,Phường Trường Sơn,OTC,OTC,NT,Nhà Thuốc,NT,Nhà Thuốc,NTL,Nhà Thuốc Lẻ,KB,KB,OH052,Xisat Hàng Ngày 75ml (Hồng),XIS-H75,0160821,2.0,27000.0,0.0,25714.0,0.0,2021-09-01 15:26:51.740,,02/09/2021,MR2454,Nguyễn Đình Lập,Nguyễn Trọng Đồng,Ngô Tiến Vũ,Dương Tấn Bửu,MR2036,Lê Văn Sâm,Chưa xác nhận,202109000000005,Chành xe,,,Lê Văn Sâm,IN,,,,CTKM2108OTC-SO15CPA,MR- CT HTBH Giỏ hàng XOM T8-9.2021,,,Lê Thị Nam,0356400786
MR0012,CÔNG TY CỔ PHẦN DƯỢC PHA NAM - CHI NHÁNH NGHỆ AN,2021-09-02 00:00:00.000,DH092021-00041,,01/01/1900,0003955,05/09/2021,,Đã Phát Hành,T4326-0014,Nhà  thuốc Thảo Vy,"Kiot số 2 Cổng Đông chợ Cột Đỏ, Phường Trường Sơn, Thành phố Sầm Sơn, Tỉnh Thanh Hóa, Việt Nam",2802490095,TN80O1281,TN80O1281,NT Thảo Vy - Sầm Sơn - Thanh Hóa,"Số 29 Phan Bội Châu, Phường Trường Sơn, Thành phố Sầm Sơn, Tỉnh Thanh Hóa",BB,Bắc Bộ,19,Đông Nam 2,57,Thanh Hóa,631,Thành phố Sầm Sơn,Phường Trường Sơn,OTC,OTC,NT,Nhà Thuốc,NT,Nhà Thuốc,NTL,Nhà Thuốc Lẻ,KB,KB,VT04785,Túi vải không dệt (KM),Túi vải không dệt (KM),000,1.0,0.0,0.0,0.0,0.0,2021-09-01 15:26:51.740,,02/09/2021,MR2454,Nguyễn Đình Lập,Nguyễn Trọng Đồng,Ngô Tiến Vũ,Dương Tấn Bửu,MR2036,Lê Văn Sâm,Chưa xác nhận,202109000000005,Chành xe,,,Lê Văn Sâm,IN,,,,CTKM2108OTC-SO15CPA,Mua đơn hàng XOM 1.5tr: Tặng 01 Medoral 125ml + 01 Xisat Xanh 75ml,,,Lê Thị Nam,0356400786
MR0012,CÔNG TY CỔ PHẦN DƯỢC PHA NAM - CHI NHÁNH NGHỆ AN,2021-09-02 00:00:00.000,DH092021-00041,,01/01/1900,0003955,05/09/2021,,Đã Phát Hành,T4326-0014,Nhà  thuốc Thảo Vy,"Kiot số 2 Cổng Đông chợ Cột Đỏ, Phường Trường Sơn, Thành phố Sầm Sơn, Tỉnh Thanh Hóa, Việt Nam",2802490095,TN80O1281,TN80O1281,NT Thảo Vy - Sầm Sơn - Thanh Hóa,"Số 29 Phan Bội Châu, Phường Trường Sơn, Thành phố Sầm Sơn, Tỉnh Thanh Hóa",BB,Bắc Bộ,19,Đông Nam 2,57,Thanh Hóa,631,Thành phố Sầm Sơn,Phường Trường Sơn,OTC,OTC,NT,Nhà Thuốc,NT,Nhà Thuốc,NTL,Nhà Thuốc Lẻ,KB,KB,VT04786,Tờ rơi chương trình chống dịch,Tờ rơi chương trình chống dịch,000,1.0,0.0,0.0,0.0,0.0,2021-09-01 15:26:51.740,,02/09/2021,MR2454,Nguyễn Đình Lập,Nguyễn Trọng Đồng,Ngô Tiến Vũ,Dương Tấn Bửu,MR2036,Lê Văn Sâm,Chưa xác nhận,202109000000005,Chành xe,,,Lê Văn Sâm,IN,,,,CTKM2108OTC-SO15CPA,Mua đơn hàng XOM 1.5tr: Tặng 01 Medoral 125ml + 01 Xisat Xanh 75ml,,,Lê Thị Nam,0356400786
MR0012,CÔNG TY CỔ PHẦN DƯỢC PHA NAM - CHI NHÁNH NGHỆ AN,2021-09-02 00:00:00.000,DH092021-00057,,01/01/1900,0003956,05/09/2021,,Đã Phát Hành,T4319-0012,Quầy thuốc Anh Tuyết,"Khu 3, Thị trấn Sao Vàng, Huyện Thọ Xuân, Tỉnh Thanh Hóa, Việt Nam",8018528042,TN80O460,TN80O460,QT Anh Tuyết - Thọ Xuân - Thanh Hóa,"Khu 3, Thị trấn Sao Vàng, Huyện Thọ Xuân, Tỉnh Thanh Hóa",BB,Bắc Bộ,19,Đông Nam 2,57,Thanh Hóa,624,Huyện Thọ Xuân,Thị trấn Sao Vàng,OTC,OTC,NT,Nhà Thuốc,NT,Nhà Thuốc,NTL,Nhà Thuốc Lẻ,KC,KC,EH092,Medoral 250ml,MDR,0480821,1.0,90000.0,0.0,85714.0,0.0,2021-09-01 15:55:15.893,,02/09/2021,MR2454,Nguyễn Đình Lập,Nguyễn Trọng Đồng,Ngô Tiến Vũ,Dương Tấn Bửu,MR2036,Lê Văn Sâm,Chưa xác nhận,202109000000005,Chành xe,,,Lê Văn Sâm,IN,,CSBH2102OTC-01QD/MR-XOSM,MR- Chính sách bán hàng NTL-PKC,,,,,Lê Thị Tuyết,0372288968
MR0012,CÔNG TY CỔ PHẦN DƯỢC PHA NAM - CHI NHÁNH NGHỆ AN,2021-09-02 00:00:00.000,DH092021-00057,,01/01/1900,0003956,05/09/2021,,Đã Phát Hành,T4319-0012,Quầy thuốc Anh Tuyết,"Khu 3, Thị trấn Sao Vàng, Huyện Thọ Xuân, Tỉnh Thanh Hóa, Việt Nam",8018528042,TN80O460,TN80O460,QT Anh Tuyết - Thọ Xuân - Thanh Hóa,"Khu 3, Thị trấn Sao Vàng, Huyện Thọ Xuân, Tỉnh Thanh Hóa",BB,Bắc Bộ,19,Đông Nam 2,57,Thanh Hóa,624,Huyện Thọ Xuân,Thị trấn Sao Vàng,OTC,OTC,NT,Nhà Thuốc,NT,Nhà Thuốc,NTL,Nhà Thuốc Lẻ,KC,KC,EH092,Medoral 250ml,MDR,0480821,10.0,90000.0,900000.0,85714.0,857140.0,2021-09-01 15:55:15.893,,02/09/2021,MR2454,Nguyễn Đình Lập,Nguyễn Trọng Đồng,Ngô Tiến Vũ,Dương Tấn Bửu,MR2036,Lê Văn Sâm,Chưa xác nhận,202109000000005,Chành xe,,,Lê Văn Sâm,IN,,,,,,,,Lê Thị Tuyết,0372288968
MR0012,CÔNG TY CỔ PHẦN DƯỢC PHA NAM - CHI NHÁNH NGHỆ AN,2021-09-02 00:00:00.000,DH092021-00062,,01/01/1900,0003957,05/09/2021,,Đã Phát Hành,T4325-0177,Công ty TNHH Thương mại dược phẩm Hạnh Hải,"Số 195-197 Nguyễn Trãi, Phường Tân Sơn, Thành phố Thanh Hóa, Tỉnh Thanh Hóa, Việt Nam",2801034124,TN80H0148,TN80H0148,NT Hải Hạnh - Thanh Hóa -Thanh Hóa,"Số 197 Nguyễn Trãi, Phường Tân Sơn, Thành phố Thanh Hóa, Tỉnh Thanh Hóa",BB,Bắc Bộ,19,Đông Nam 2,57,Thanh Hóa,629,Thành phố Thanh Hóa,Phường Tân Sơn,OTC,OTC,NT,Nhà Thuốc,NT,Nhà Thuốc,NTL,Nhà Thuốc Lẻ,KA,KA,EH092,Medoral 250ml,MDR,0480821,10.0,90000.0,0.0,85714.0,0.0,2021-09-01 16:04:43.733,,02/09/2021,MR2454,Nguyễn Đình Lập,Nguyễn Trọng Đồng,Ngô Tiến Vũ,Dương Tấn Bửu,MR2036,Lê Văn Sâm,Chưa xác nhận,202109000000005,Chành xe,,,Lê Văn Sâm,IN,,CSBH2102OTC-01QD/MR-XOSM,MR- Chính sách bán hàng NTL-PKC,,,,,Lê Thị Tính,0985773112
MR0012,CÔNG TY CỔ PHẦN DƯỢC PHA NAM - CHI NHÁNH NGHỆ AN,2021-09-02 00:00:00.000,DH092021-00062,,01/01/1900,0003957,05/09/2021,,Đã Phát Hành,T4325-0177,Công ty TNHH Thương mại dược phẩm Hạnh Hải,"Số 195-197 Nguyễn Trãi, Phường Tân Sơn, Thành phố Thanh Hóa, Tỉnh Thanh Hóa, Việt Nam",2801034124,TN80H0148,TN80H0148,NT Hải Hạnh - Thanh Hóa -Thanh Hóa,"Số 197 Nguyễn Trãi, Phường Tân Sơn, Thành phố Thanh Hóa, Tỉnh Thanh Hóa",BB,Bắc Bộ,19,Đông Nam 2,57,Thanh Hóa,629,Thành phố Thanh Hóa,Phường Tân Sơn,OTC,OTC,NT,Nhà Thuốc,NT,Nhà Thuốc,NTL,Nhà Thuốc Lẻ,KA,KA,EH092,Medoral 250ml,MDR,0480821,100.0,90000.0,9000000.0,85714.0,8571400.0,2021-09-01 16:04:43.733,,02/09/2021,MR2454,Nguyễn Đình Lập,Nguyễn Trọng Đồng,Ngô Tiến Vũ,Dương Tấn Bửu,MR2036,Lê Văn Sâm,Chưa xác nhận,202109000000005,Chành xe,,,Lê Văn Sâm,IN,,,,,,,,Lê Thị Tính,0985773112
MR0012,CÔNG TY CỔ PHẦN DƯỢC PHA NAM - CHI NHÁNH NGHỆ AN,2021-09-02 00:00:00.000,DH092021-00064,,01/01/1900,0003958,05/09/2021,,Đã Phát Hành,002403,Công ty TNHH Thương mại Dịch vụ Dược Phẩm Hồng Phát,"SN 11/245 Nguyễn Thục , Phường Quảng Thắng, Thành phố Thanh Hóa, Tỉnh Thanh Hóa, Việt Nam",2802855250,TN80O2029,TN80O2029,Công ty CP Thương Mại Dược Phẩm 36- TP Thanh Hóa- Thanh Hóa,"Lô 04L2-MBQH 5226, Phường Quảng Thắng, Thành phố Thanh Hóa, Tỉnh Thanh Hóa",BB,Bắc Bộ,19,Đông Nam 2,57,Thanh Hóa,629,Thành phố Thanh Hóa,Phường Quảng Thắng,OTC,OTC,NT,Nhà Thuốc,NT,Nhà Thuốc,NTL,Nhà Thuốc Lẻ,KB,KB,EH074,Metodex 5ml,MTD,0030621,50.0,27000.0,1350000.0,25714.0,1285700.0,2021-09-01 16:12:05.910,,02/09/2021,MR2454,Nguyễn Đình Lập,Nguyễn Trọng Đồng,Ngô Tiến Vũ,Dương Tấn Bửu,MR2036,Lê Văn Sâm,Chưa xác nhận,202109000000005,Chành xe,,,Lê Văn Sâm,IN,,CSBH2102OTC-01QD/MR-TTMB-Q2,MR- Chính sách bán hàng NTL-PKC,,,,,,
MR0012,CÔNG TY CỔ PHẦN DƯỢC PHA NAM - CHI NHÁNH NGHỆ AN,2021-09-02 00:00:00.000,DH092021-00064,,01/01/1900,0003958,05/09/2021,,Đã Phát Hành,002403,Công ty TNHH Thương mại Dịch vụ Dược Phẩm Hồng Phát,"SN 11/245 Nguyễn Thục , Phường Quảng Thắng, Thành phố Thanh Hóa, Tỉnh Thanh Hóa, Việt Nam",2802855250,TN80O2029,TN80O2029,Công ty CP Thương Mại Dược Phẩm 36- TP Thanh Hóa- Thanh Hóa,"Lô 04L2-MBQH 5226, Phường Quảng Thắng, Thành phố Thanh Hóa, Tỉnh Thanh Hóa",BB,Bắc Bộ,19,Đông Nam 2,57,Thanh Hóa,629,Thành phố Thanh Hóa,Phường Quảng Thắng,OTC,OTC,NT,Nhà Thuốc,NT,Nhà Thuốc,NTL,Nhà Thuốc Lẻ,KB,KB,EH086,Benita,BNT,0080721,20.0,90000.0,1800000.0,85714.0,1714280.0,2021-09-01 16:12:05.910,,02/09/2021,MR2454,Nguyễn Đình Lập,Nguyễn Trọng Đồng,Ngô Tiến Vũ,Dương Tấn Bửu,MR2036,Lê Văn Sâm,Chưa xác nhận,202109000000005,Chành xe,,,Lê Văn Sâm,IN,,CSBH2102OTC-01QD/MR-TTMB-Q2,MR- Chính sách bán hàng NTL-PKC,,,,,,
MR0012,CÔNG TY CỔ PHẦN DƯỢC PHA NAM - CHI NHÁNH NGHỆ AN,2021-09-02 00:00:00.000,DH092021-00066,,01/01/1900,0003959,05/09/2021,,Đã Phát Hành,T4316-0020,Quầy thuốc Hà Đua,"Thôn 10, Xã Quảng Cát, Huyện Quảng Xương, Tỉnh Thanh Hóa, Việt Nam",8065669731,TN80O451,TN80O451,QT Hà Đua - Quảng Xương - Thanh Hóa,"Thôn 10, Xã Quảng Cát, Huyện Quảng Xương, Tỉnh Thanh Hóa",BB,Bắc Bộ,19,Đông Nam 2,57,Thanh Hóa,620,Huyện Quảng Xương,Xã Quảng Cát,OTC,OTC,NT,Nhà Thuốc,NT,Nhà Thuốc,NTL,Nhà Thuốc Lẻ,KB,KB,OH058,Sirnakarang,SNKR,060321,10.0,58000.0,580000.0,55238.0,552380.0,2021-09-01 18:04:27.740,,02/09/2021,MR2036,Lê Văn Sâm,Vũ Đình Thắng,Hà Phước Thanh,Lương Trịnh Thắng,MR2036,Lê Văn Sâm,Chưa xác nhận,202109000000005,Chành xe,,,Lê Văn Sâm,IN,,CSBH2102PNPP-04QD/PN-Q2,PN- CSBH Nhóm hàng Phanam bán trực tiếp,,,,,Nguyễn Thị Hà,0972201843
MR0012,CÔNG TY CỔ PHẦN DƯỢC PHA NAM - CHI NHÁNH NGHỆ AN,2021-09-02 00:00:00.000,DH092021-00002,,01/01/1900,0003960,05/09/2021,,Đã Phát Hành,T4325-0004,Công ty TNHH Dược An Khang,"Số 312 Lê Hoàn, Phường Ba Đình, Thành phố Thanh Hóa, Tỉnh Thanh Hóa, Việt Nam",2800139893,TN80H003,TN80H003,Công ty TNHH Dược An Khang - Thanh Hóa - Thanh Hóa,"Số 312 Lê Hoàn, Phường Ba Đình, Thành phố Thanh Hóa, Tỉnh Thanh Hóa",BB,Bắc Bộ,19,Đông Nam 2,57,Thanh Hóa,629,Thành phố Thanh Hóa,Phường Ba Đình,DLPP,Đại Lý Phân Phối,DLPP2,Đại Lý Phân Phối 2,DLPP2,Đại Lý Phân Phối 2,DLPP2,Đại Lý Phân Phối 2, ,,OH052,Xisat Hàng Ngày 75ml (Hồng),XIS-H75,0160821,300.0,27000.0,8100000.0,25714.0,7714200.0,2021-09-01 09:48:37.493,,02/09/2021,MR2126,Lê Văn Cầu,Nguyễn Trọng Đồng,Ngô Tiến Vũ,Dương Tấn Bửu,MR2304,Đặng Anh Đức,Chưa xác nhận,202109000000010,Chành xe,,,Đặng Anh Đức,IN,,CSBH2103OTC-03QD/MR,MR- Chính sách bán hàng Đại lý phân phối,,,,,,0373719679
MR0012,CÔNG TY CỔ PHẦN DƯỢC PHA NAM - CHI NHÁNH NGHỆ AN,2021-09-02 00:00:00.000,DH092021-00005,,01/01/1900,0003961,05/09/2021,,Đã Phát Hành,T4325-0063,Nhà thuốc An Đức,"Số 53 Lý Nhân Tông, Phường Đông Thọ, Thành phố Thanh Hóa, Tỉnh Thanh Hóa, Việt Nam",8085286889,TN80O219,TN80O219,NT An Đức - Thanh Hóa - Thanh Hóa,"Số 311 Lý Nhân Tông, Phường Đông Thọ, Thành phố Thanh Hóa, Tỉnh Thanh Hóa",BB,Bắc Bộ,19,Đông Nam 2,57,Thanh Hóa,629,Thành phố Thanh Hóa,Phường Đông Thọ,OTC,OTC,NT,Nhà Thuốc,NT,Nhà Thuốc,NTL,Nhà Thuốc Lẻ,KA,KA,EH102,Medoral 125ml,MDR125,0060821,1.0,52500.0,0.0,50000.0,0.0,2021-09-01 06:10:00.347,,02/09/2021,MR2126,Lê Văn Cầu,Nguyễn Trọng Đồng,Ngô Tiến Vũ,Dương Tấn Bửu,MR2304,Đặng Anh Đức,Chưa xác nhận,202109000000010,Chành xe,,,Đặng Anh Đức,IN,,,,CTKM2108OTC-SO15CPA,Mua đơn hàng XOM 1.5tr: Tặng 01 Medoral 125ml + 01 Xisat Xanh 75ml,,,Vũ Thúy Nga,0982414926
MR0012,CÔNG TY CỔ PHẦN DƯỢC PHA NAM - CHI NHÁNH NGHỆ AN,2021-09-02 00:00:00.000,DH092021-00005,,01/01/1900,0003961,05/09/2021,,Đã Phát Hành,T4325-0063,Nhà thuốc An Đức,"Số 53 Lý Nhân Tông, Phường Đông Thọ, Thành phố Thanh Hóa, Tỉnh Thanh Hóa, Việt Nam",8085286889,TN80O219,TN80O219,NT An Đức - Thanh Hóa - Thanh Hóa,"Số 311 Lý Nhân Tông, Phường Đông Thọ, Thành phố Thanh Hóa, Tỉnh Thanh Hóa",BB,Bắc Bộ,19,Đông Nam 2,57,Thanh Hóa,629,Thành phố Thanh Hóa,Phường Đông Thọ,OTC,OTC,NT,Nhà Thuốc,NT,Nhà Thuốc,NTL,Nhà Thuốc Lẻ,KA,KA,OH051,Xisat Hàng Ngày 75ml (Xanh),XIS-X75,0230821,1.0,24500.0,0.0,23333.0,0.0,2021-09-01 06:10:00.347,,02/09/2021,MR2126,Lê Văn Cầu,Nguyễn Trọng Đồng,Ngô Tiến Vũ,Dương Tấn Bửu,MR2304,Đặng Anh Đức,Chưa xác nhận,202109000000010,Chành xe,,,Đặng Anh Đức,IN,,,,CTKM2108OTC-SO15CPA,Mua đơn hàng XOM 1.5tr: Tặng 01 Medoral 125ml + 01 Xisat Xanh 75ml,,,Vũ Thúy Nga,0982414926
MR0012,CÔNG TY CỔ PHẦN DƯỢC PHA NAM - CHI NHÁNH NGHỆ AN,2021-09-02 00:00:00.000,DH092021-00005,,01/01/1900,0003961,05/09/2021,,Đã Phát Hành,T4325-0063,Nhà thuốc An Đức,"Số 53 Lý Nhân Tông, Phường Đông Thọ, Thành phố Thanh Hóa, Tỉnh Thanh Hóa, Việt Nam",8085286889,TN80O219,TN80O219,NT An Đức - Thanh Hóa - Thanh Hóa,"Số 311 Lý Nhân Tông, Phường Đông Thọ, Thành phố Thanh Hóa, Tỉnh Thanh Hóa",BB,Bắc Bộ,19,Đông Nam 2,57,Thanh Hóa,629,Thành phố Thanh Hóa,Phường Đông Thọ,OTC,OTC,NT,Nhà Thuốc,NT,Nhà Thuốc,NTL,Nhà Thuốc Lẻ,KA,KA,OH051,Xisat Hàng Ngày 75ml (Xanh),XIS-X75,0230821,40.0,24500.0,980000.0,23333.0,933320.0,2021-09-01 06:10:00.347,,02/09/2021,MR2126,Lê Văn Cầu,Nguyễn Trọng Đồng,Ngô Tiến Vũ,Dương Tấn Bửu,MR2304,Đặng Anh Đức,Chưa xác nhận,202109000000010,Chành xe,,,Đặng Anh Đức,IN,,,,,,,,Vũ Thúy Nga,0982414926
MR0012,CÔNG TY CỔ PHẦN DƯỢC PHA NAM - CHI NHÁNH NGHỆ AN,2021-09-02 00:00:00.000,DH092021-00005,,01/01/1900,0003961,05/09/2021,,Đã Phát Hành,T4325-0063,Nhà thuốc An Đức,"Số 53 Lý Nhân Tông, Phường Đông Thọ, Thành phố Thanh Hóa, Tỉnh Thanh Hóa, Việt Nam",8085286889,TN80O219,TN80O219,NT An Đức - Thanh Hóa - Thanh Hóa,"Số 311 Lý Nhân Tông, Phường Đông Thọ, Thành phố Thanh Hóa, Tỉnh Thanh Hóa",BB,Bắc Bộ,19,Đông Nam 2,57,Thanh Hóa,629,Thành phố Thanh Hóa,Phường Đông Thọ,OTC,OTC,NT,Nhà Thuốc,NT,Nhà Thuốc,NTL,Nhà Thuốc Lẻ,KA,KA,OH052,Xisat Hàng Ngày 75ml (Hồng),XIS-H75,0160821,2.0,27000.0,0.0,25714.0,0.0,2021-09-01 06:10:00.347,,02/09/2021,MR2126,Lê Văn Cầu,Nguyễn Trọng Đồng,Ngô Tiến Vũ,Dương Tấn Bửu,MR2304,Đặng Anh Đức,Chưa xác nhận,202109000000010,Chành xe,,,Đặng Anh Đức,IN,,,,CTKM2108OTC-SO15CPA,MR- CT HTBH Giỏ hàng XOM T8-9.2021,,,Vũ Thúy Nga,0982414926
MR0012,CÔNG TY CỔ PHẦN DƯỢC PHA NAM - CHI NHÁNH NGHỆ AN,2021-09-02 00:00:00.000,DH092021-00005,,01/01/1900,0003961,05/09/2021,,Đã Phát Hành,T4325-0063,Nhà thuốc An Đức,"Số 53 Lý Nhân Tông, Phường Đông Thọ, Thành phố Thanh Hóa, Tỉnh Thanh Hóa, Việt Nam",8085286889,TN80O219,TN80O219,NT An Đức - Thanh Hóa - Thanh Hóa,"Số 311 Lý Nhân Tông, Phường Đông Thọ, Thành phố Thanh Hóa, Tỉnh Thanh Hóa",BB,Bắc Bộ,19,Đông Nam 2,57,Thanh Hóa,629,Thành phố Thanh Hóa,Phường Đông Thọ,OTC,OTC,NT,Nhà Thuốc,NT,Nhà Thuốc,NTL,Nhà Thuốc Lẻ,KA,KA,OH052,Xisat Hàng Ngày 75ml (Hồng),XIS-H75,0160821,20.0,27000.0,540000.0,25714.0,514280.0,2021-09-01 06:10:00.347,,02/09/2021,MR2126,Lê Văn Cầu,Nguyễn Trọng Đồng,Ngô Tiến Vũ,Dương Tấn Bửu,MR2304,Đặng Anh Đức,Chưa xác nhận,202109000000010,Chành xe,,,Đặng Anh Đức,IN,,,,,,,,Vũ Thúy Nga,0982414926
MR0012,CÔNG TY CỔ PHẦN DƯỢC PHA NAM - CHI NHÁNH NGHỆ AN,2021-09-02 00:00:00.000,DH092021-00005,,01/01/1900,0003961,05/09/2021,,Đã Phát Hành,T4325-0063,Nhà thuốc An Đức,"Số 53 Lý Nhân Tông, Phường Đông Thọ, Thành phố Thanh Hóa, Tỉnh Thanh Hóa, Việt Nam",8085286889,TN80O219,TN80O219,NT An Đức - Thanh Hóa - Thanh Hóa,"Số 311 Lý Nhân Tông, Phường Đông Thọ, Thành phố Thanh Hóa, Tỉnh Thanh Hóa",BB,Bắc Bộ,19,Đông Nam 2,57,Thanh Hóa,629,Thành phố Thanh Hóa,Phường Đông Thọ,OTC,OTC,NT,Nhà Thuốc,NT,Nhà Thuốc,NTL,Nhà Thuốc Lẻ,KA,KA,VT04785,Túi vải không dệt (KM),Túi vải không dệt (KM),000,1.0,4400.0,0.0,4000.0,0.0,2021-09-01 06:10:00.347,,02/09/2021,MR2126,Lê Văn Cầu,Nguyễn Trọng Đồng,Ngô Tiến Vũ,Dương Tấn Bửu,MR2304,Đặng Anh Đức,Chưa xác nhận,202109000000010,Chành xe,,,Đặng Anh Đức,IN,,,,CTKM2108OTC-SO15CPA,Mua đơn hàng XOM 1.5tr: Tặng 01 Medoral 125ml + 01 Xisat Xanh 75ml,,,Vũ Thúy Nga,0982414926
MR0012,CÔNG TY CỔ PHẦN DƯỢC PHA NAM - CHI NHÁNH NGHỆ AN,2021-09-02 00:00:00.000,DH092021-00005,,01/01/1900,0003961,05/09/2021,,Đã Phát Hành,T4325-0063,Nhà thuốc An Đức,"Số 53 Lý Nhân Tông, Phường Đông Thọ, Thành phố Thanh Hóa, Tỉnh Thanh Hóa, Việt Nam",8085286889,TN80O219,TN80O219,NT An Đức - Thanh Hóa - Thanh Hóa,"Số 311 Lý Nhân Tông, Phường Đông Thọ, Thành phố Thanh Hóa, Tỉnh Thanh Hóa",BB,Bắc Bộ,19,Đông Nam 2,57,Thanh Hóa,629,Thành phố Thanh Hóa,Phường Đông Thọ,OTC,OTC,NT,Nhà Thuốc,NT,Nhà Thuốc,NTL,Nhà Thuốc Lẻ,KA,KA,VT04786,Tờ rơi chương trình chống dịch,Tờ rơi chương trình chống dịch,000,1.0,990.0,0.0,900.0,0.0,2021-09-01 06:10:00.347,,02/09/2021,MR2126,Lê Văn Cầu,Nguyễn Trọng Đồng,Ngô Tiến Vũ,Dương Tấn Bửu,MR2304,Đặng Anh Đức,Chưa xác nhận,202109000000010,Chành xe,,,Đặng Anh Đức,IN,,,,CTKM2108OTC-SO15CPA,Mua đơn hàng XOM 1.5tr: Tặng 01 Medoral 125ml + 01 Xisat Xanh 75ml,,,Vũ Thúy Nga,0982414926
MR0012,CÔNG TY CỔ PHẦN DƯỢC PHA NAM - CHI NHÁNH NGHỆ AN,2021-09-02 00:00:00.000,DH092021-00011,,01/01/1900,0003962,05/09/2021,,Đã Phát Hành,T4325-0131,Nhà thuốc Đại An,"Số 224 Tống Duy Tân, Phường Lam Sơn, Thành phố Thanh Hóa, Tỉnh Thanh Hóa, Việt Nam",2800191452,TN80O1389,TN80O1389,NT Đại An - Thanh Hóa - Thanh HóaA,"Số 224 Tống Duy Tân, Phường Lam Sơn, Thành phố Thanh Hóa, Tỉnh Thanh Hóa",BB,Bắc Bộ,19,Đông Nam 2,57,Thanh Hóa,629,Thành phố Thanh Hóa,Phường Lam Sơn,OTC,OTC,NT,Nhà Thuốc,NT,Nhà Thuốc,NTL,Nhà Thuốc Lẻ,KA,KA,EH102,Medoral 125ml,MDR125,0060821,1.0,52500.0,0.0,50000.0,0.0,2021-09-01 08:55:04.030,,02/09/2021,MR2126,Lê Văn Cầu,Nguyễn Trọng Đồng,Ngô Tiến Vũ,Dương Tấn Bửu,MR2304,Đặng Anh Đức,Chưa xác nhận,202109000000010,Chành xe,,,Đặng Anh Đức,IN,,,,CTKM2108OTC-SO15CPA,Mua đơn hàng XOM 1.5tr: Tặng 01 Medoral 125ml + 01 Xisat Xanh 75ml,,,Nguyễn Thị Hoa,01249839255
MR0012,CÔNG TY CỔ PHẦN DƯỢC PHA NAM - CHI NHÁNH NGHỆ AN,2021-09-02 00:00:00.000,DH092021-00011,,01/01/1900,0003962,05/09/2021,,Đã Phát Hành,T4325-0131,Nhà thuốc Đại An,"Số 224 Tống Duy Tân, Phường Lam Sơn, Thành phố Thanh Hóa, Tỉnh Thanh Hóa, Việt Nam",2800191452,TN80O1389,TN80O1389,NT Đại An - Thanh Hóa - Thanh HóaA,"Số 224 Tống Duy Tân, Phường Lam Sơn, Thành phố Thanh Hóa, Tỉnh Thanh Hóa",BB,Bắc Bộ,19,Đông Nam 2,57,Thanh Hóa,629,Thành phố Thanh Hóa,Phường Lam Sơn,OTC,OTC,NT,Nhà Thuốc,NT,Nhà Thuốc,NTL,Nhà Thuốc Lẻ,KA,KA,OH031,"OSLA15ml, Việt Nam",OS15,0760621,264.0,19000.0,5016000.0,18095.0,4777080.0,2021-09-01 08:55:04.030,,02/09/2021,MR2126,Lê Văn Cầu,Nguyễn Trọng Đồng,Ngô Tiến Vũ,Dương Tấn Bửu,MR2304,Đặng Anh Đức,Chưa xác nhận,202109000000010,Chành xe,,,Đặng Anh Đức,IN,,,,,,,,Nguyễn Thị Hoa,01249839255
MR0012,CÔNG TY CỔ PHẦN DƯỢC PHA NAM - CHI NHÁNH NGHỆ AN,2021-09-02 00:00:00.000,DH092021-00011,,01/01/1900,0003962,05/09/2021,,Đã Phát Hành,T4325-0131,Nhà thuốc Đại An,"Số 224 Tống Duy Tân, Phường Lam Sơn, Thành phố Thanh Hóa, Tỉnh Thanh Hóa, Việt Nam",2800191452,TN80O1389,TN80O1389,NT Đại An - Thanh Hóa - Thanh HóaA,"Số 224 Tống Duy Tân, Phường Lam Sơn, Thành phố Thanh Hóa, Tỉnh Thanh Hóa",BB,Bắc Bộ,19,Đông Nam 2,57,Thanh Hóa,629,Thành phố Thanh Hóa,Phường Lam Sơn,OTC,OTC,NT,Nhà Thuốc,NT,Nhà Thuốc,NTL,Nhà Thuốc Lẻ,KA,KA,OH051,Xisat Hàng Ngày 75ml (Xanh),XIS-X75,0230821,1.0,24500.0,0.0,23333.0,0.0,2021-09-01 08:55:04.030,,02/09/2021,MR2126,Lê Văn Cầu,Nguyễn Trọng Đồng,Ngô Tiến Vũ,Dương Tấn Bửu,MR2304,Đặng Anh Đức,Chưa xác nhận,202109000000010,Chành xe,,,Đặng Anh Đức,IN,,,,CTKM2108OTC-SO15CPA,Mua đơn hàng XOM 1.5tr: Tặng 01 Medoral 125ml + 01 Xisat Xanh 75ml,,,Nguyễn Thị Hoa,01249839255
MR0012,CÔNG TY CỔ PHẦN DƯỢC PHA NAM - CHI NHÁNH NGHỆ AN,2021-09-02 00:00:00.000,DH092021-00011,,01/01/1900,0003962,05/09/2021,,Đã Phát Hành,T4325-0131,Nhà thuốc Đại An,"Số 224 Tống Duy Tân, Phường Lam Sơn, Thành phố Thanh Hóa, Tỉnh Thanh Hóa, Việt Nam",2800191452,TN80O1389,TN80O1389,NT Đại An - Thanh Hóa - Thanh HóaA,"Số 224 Tống Duy Tân, Phường Lam Sơn, Thành phố Thanh Hóa, Tỉnh Thanh Hóa",BB,Bắc Bộ,19,Đông Nam 2,57,Thanh Hóa,629,Thành phố Thanh Hóa,Phường Lam Sơn,OTC,OTC,NT,Nhà Thuốc,NT,Nhà Thuốc,NTL,Nhà Thuốc Lẻ,KA,KA,OH051,Xisat Hàng Ngày 75ml (Xanh),XIS-X75,0230821,8.0,24500.0,0.0,23333.0,0.0,2021-09-01 08:55:04.030,,02/09/2021,MR2126,Lê Văn Cầu,Nguyễn Trọng Đồng,Ngô Tiến Vũ,Dương Tấn Bửu,MR2304,Đặng Anh Đức,Chưa xác nhận,202109000000010,Chành xe,,,Đặng Anh Đức,IN,,,,CTKM2108OTC-SO15CPA,MR- CT HTBH Giỏ hàng XOM T8-9.2021,,,Nguyễn Thị Hoa,01249839255
MR0012,CÔNG TY CỔ PHẦN DƯỢC PHA NAM - CHI NHÁNH NGHỆ AN,2021-09-02 00:00:00.000,DH092021-00011,,01/01/1900,0003962,05/09/2021,,Đã Phát Hành,T4325-0131,Nhà thuốc Đại An,"Số 224 Tống Duy Tân, Phường Lam Sơn, Thành phố Thanh Hóa, Tỉnh Thanh Hóa, Việt Nam",2800191452,TN80O1389,TN80O1389,NT Đại An - Thanh Hóa - Thanh HóaA,"Số 224 Tống Duy Tân, Phường Lam Sơn, Thành phố Thanh Hóa, Tỉnh Thanh Hóa",BB,Bắc Bộ,19,Đông Nam 2,57,Thanh Hóa,629,Thành phố Thanh Hóa,Phường Lam Sơn,OTC,OTC,NT,Nhà Thuốc,NT,Nhà Thuốc,NTL,Nhà Thuốc Lẻ,KA,KA,VT04785,Túi vải không dệt (KM),Túi vải không dệt (KM),000,1.0,4400.0,0.0,4000.0,0.0,2021-09-01 08:55:04.030,,02/09/2021,MR2126,Lê Văn Cầu,Nguyễn Trọng Đồng,Ngô Tiến Vũ,Dương Tấn Bửu,MR2304,Đặng Anh Đức,Chưa xác nhận,202109000000010,Chành xe,,,Đặng Anh Đức,IN,,,,CTKM2108OTC-SO15CPA,Mua đơn hàng XOM 1.5tr: Tặng 01 Medoral 125ml + 01 Xisat Xanh 75ml,,,Nguyễn Thị Hoa,01249839255
MR0012,CÔNG TY CỔ PHẦN DƯỢC PHA NAM - CHI NHÁNH NGHỆ AN,2021-09-02 00:00:00.000,DH092021-00011,,01/01/1900,0003962,05/09/2021,,Đã Phát Hành,T4325-0131,Nhà thuốc Đại An,"Số 224 Tống Duy Tân, Phường Lam Sơn, Thành phố Thanh Hóa, Tỉnh Thanh Hóa, Việt Nam",2800191452,TN80O1389,TN80O1389,NT Đại An - Thanh Hóa - Thanh HóaA,"Số 224 Tống Duy Tân, Phường Lam Sơn, Thành phố Thanh Hóa, Tỉnh Thanh Hóa",BB,Bắc Bộ,19,Đông Nam 2,57,Thanh Hóa,629,Thành phố Thanh Hóa,Phường Lam Sơn,OTC,OTC,NT,Nhà Thuốc,NT,Nhà Thuốc,NTL,Nhà Thuốc Lẻ,KA,KA,VT04786,Tờ rơi chương trình chống dịch,Tờ rơi chương trình chống dịch,000,1.0,990.0,0.0,900.0,0.0,2021-09-01 08:55:04.030,,02/09/2021,MR2126,Lê Văn Cầu,Nguyễn Trọng Đồng,Ngô Tiến Vũ,Dương Tấn Bửu,MR2304,Đặng Anh Đức,Chưa xác nhận,202109000000010,Chành xe,,,Đặng Anh Đức,IN,,,,CTKM2108OTC-SO15CPA,Mua đơn hàng XOM 1.5tr: Tặng 01 Medoral 125ml + 01 Xisat Xanh 75ml,,,Nguyễn Thị Hoa,01249839255
MR0012,CÔNG TY CỔ PHẦN DƯỢC PHA NAM - CHI NHÁNH NGHỆ AN,2021-09-02 00:00:00.000,DH092021-00034,,01/01/1900,0003963,05/09/2021,,Đã Phát Hành,002530,Quầy thuốc số 2,"Tiểu Khu 12, Thị trấn Vạn Hà, Huyện Thiệu Hóa, Tỉnh Thanh Hóa, Việt Nam",Người mua không cung cấp,TN80O074,TN80O074,QT Số 2 (Đỗ Thị Thường) - Thiệu Hóa - Thanh Hóa,"Số 258 Tiểu Khu 12, Thị trấn Vạn Hà, Huyện Thiệu Hóa, Tỉnh Thanh Hóa",BB,Bắc Bộ,19,Đông Nam 2,57,Thanh Hóa,623,Huyện Thiệu Hóa,Thị trấn Vạn Hà,OTC,OTC,NT,Nhà Thuốc,NT,Nhà Thuốc,NTL,Nhà Thuốc Lẻ,KA,KA,EH108,Meseca Fort,MSCF,0030421,10.0,120000.0,1200000.0,114286.0,1142860.0,2021-09-01 14:42:42.150,,02/09/2021,MR2126,Lê Văn Cầu,Nguyễn Trọng Đồng,Ngô Tiến Vũ,Dương Tấn Bửu,MR2304,Đặng Anh Đức,Chưa xác nhận,202109000000010,Chành xe,,,Đặng Anh Đức,IN,,CSBH2102OTC-01QD/MR-TTMB-Q2,MR- Chính sách bán hàng NTL-PKC,,,,,Đỗ Thị Thường,0373842366
MR0012,CÔNG TY CỔ PHẦN DƯỢC PHA NAM - CHI NHÁNH NGHỆ AN,2021-09-02 00:00:00.000,DH092021-00034,,01/01/1900,0003963,05/09/2021,,Đã Phát Hành,002530,Quầy thuốc số 2,"Tiểu Khu 12, Thị trấn Vạn Hà, Huyện Thiệu Hóa, Tỉnh Thanh Hóa, Việt Nam",Người mua không cung cấp,TN80O074,TN80O074,QT Số 2 (Đỗ Thị Thường) - Thiệu Hóa - Thanh Hóa,"Số 258 Tiểu Khu 12, Thị trấn Vạn Hà, Huyện Thiệu Hóa, Tỉnh Thanh Hóa",BB,Bắc Bộ,19,Đông Nam 2,57,Thanh Hóa,623,Huyện Thiệu Hóa,Thị trấn Vạn Hà,OTC,OTC,NT,Nhà Thuốc,NT,Nhà Thuốc,NTL,Nhà Thuốc Lẻ,KA,KA,EH115,Ebysta 10ml gói,EBS10,0270721,10.0,80000.0,800000.0,76190.0,761900.0,2021-09-01 14:42:42.150,,02/09/2021,MR2126,Lê Văn Cầu,Nguyễn Trọng Đồng,Ngô Tiến Vũ,Dương Tấn Bửu,MR2304,Đặng Anh Đức,Chưa xác nhận,202109000000010,Chành xe,,,Đặng Anh Đức,IN,,CSBH2102OTC-01QD/MR-TTMB-Q2,MR- Chính sách bán hàng NTL-PKC,,,,,Đỗ Thị Thường,0373842366
MR0012,CÔNG TY CỔ PHẦN DƯỢC PHA NAM - CHI NHÁNH NGHỆ AN,2021-09-02 00:00:00.000,DH092021-00034,,01/01/1900,0003963,05/09/2021,,Đã Phát Hành,002530,Quầy thuốc số 2,"Tiểu Khu 12, Thị trấn Vạn Hà, Huyện Thiệu Hóa, Tỉnh Thanh Hóa, Việt Nam",Người mua không cung cấp,TN80O074,TN80O074,QT Số 2 (Đỗ Thị Thường) - Thiệu Hóa - Thanh Hóa,"Số 258 Tiểu Khu 12, Thị trấn Vạn Hà, Huyện Thiệu Hóa, Tỉnh Thanh Hóa",BB,Bắc Bộ,19,Đông Nam 2,57,Thanh Hóa,623,Huyện Thiệu Hóa,Thị trấn Vạn Hà,OTC,OTC,NT,Nhà Thuốc,NT,Nhà Thuốc,NTL,Nhà Thuốc Lẻ,KA,KA,EH125,Ferritox,Ferritox,81001,6.0,135000.0,810000.0,128571.0,771426.0,2021-09-01 14:42:42.150,,02/09/2021,MR2126,Lê Văn Cầu,Nguyễn Trọng Đồng,Ngô Tiến Vũ,Dương Tấn Bửu,MR2304,Đặng Anh Đức,Chưa xác nhận,202109000000010,Chành xe,,,Đặng Anh Đức,IN,,CSBH2102OTC-01QD/MR-TTMB-Q2,MR- Chính sách bán hàng NTL-PKC,,,,,Đỗ Thị Thường,0373842366
MR0012,CÔNG TY CỔ PHẦN DƯỢC PHA NAM - CHI NHÁNH NGHỆ AN,2021-09-02 00:00:00.000,DH092021-00035,,01/01/1900,0003964,05/09/2021,,Đã Phát Hành,002530,Quầy thuốc số 2,"Tiểu Khu 12, Thị trấn Vạn Hà, Huyện Thiệu Hóa, Tỉnh Thanh Hóa, Việt Nam",Người mua không cung cấp,TN80O074,TN80O074,QT Số 2 (Đỗ Thị Thường) - Thiệu Hóa - Thanh Hóa,"Số 258 Tiểu Khu 12, Thị trấn Vạn Hà, Huyện Thiệu Hóa, Tỉnh Thanh Hóa",BB,Bắc Bộ,19,Đông Nam 2,57,Thanh Hóa,623,Huyện Thiệu Hóa,Thị trấn Vạn Hà,OTC,OTC,NT,Nhà Thuốc,NT,Nhà Thuốc,NTL,Nhà Thuốc Lẻ,KA,KA,EH092,Medoral 250ml,MDR,0480821,1.0,90000.0,0.0,85714.0,0.0,2021-09-01 14:44:48.903,,02/09/2021,MR2126,Lê Văn Cầu,Nguyễn Trọng Đồng,Ngô Tiến Vũ,Dương Tấn Bửu,MR2304,Đặng Anh Đức,Chưa xác nhận,202109000000010,Chành xe,,,Đặng Anh Đức,IN,,CSBH2102OTC-01QD/MR-XOSM,MR- Chính sách bán hàng NTL-PKC,,,,,Đỗ Thị Thường,0373842366
MR0012,CÔNG TY CỔ PHẦN DƯỢC PHA NAM - CHI NHÁNH NGHỆ AN,2021-09-02 00:00:00.000,DH092021-00035,,01/01/1900,0003964,05/09/2021,,Đã Phát Hành,002530,Quầy thuốc số 2,"Tiểu Khu 12, Thị trấn Vạn Hà, Huyện Thiệu Hóa, Tỉnh Thanh Hóa, Việt Nam",Người mua không cung cấp,TN80O074,TN80O074,QT Số 2 (Đỗ Thị Thường) - Thiệu Hóa - Thanh Hóa,"Số 258 Tiểu Khu 12, Thị trấn Vạn Hà, Huyện Thiệu Hóa, Tỉnh Thanh Hóa",BB,Bắc Bộ,19,Đông Nam 2,57,Thanh Hóa,623,Huyện Thiệu Hóa,Thị trấn Vạn Hà,OTC,OTC,NT,Nhà Thuốc,NT,Nhà Thuốc,NTL,Nhà Thuốc Lẻ,KA,KA,EH092,Medoral 250ml,MDR,0480821,10.0,90000.0,900000.0,85714.0,857140.0,2021-09-01 14:44:48.903,,02/09/2021,MR2126,Lê Văn Cầu,Nguyễn Trọng Đồng,Ngô Tiến Vũ,Dương Tấn Bửu,MR2304,Đặng Anh Đức,Chưa xác nhận,202109000000010,Chành xe,,,Đặng Anh Đức,IN,,,,,,,,Đỗ Thị Thường,0373842366
