masanpham,tensanpham,donvi,chinhanh,songaynhan,tonao,tonhangdiduong,toncn,tonhcm,tonmerap,tonvime
EH020,Trimafort 10ml,HOP,HN,1.0,0.0,0.0,18.0,0.0,0.0,0.0
EH020,Trimafort 10ml,HOP,KH,5.0,0.0,0.0,37.0,0.0,0.0,0.0
EH065,Mecefix-B.E 250mg,HOP,CT,7.0,-5.0,320.0,46.0,0.0,0.0,0.0
EH065,Mecefix-B.E 250mg,HOP,DNAI,6.0,-14.0,0.0,630.0,50.0,0.0,0.0
EH065,Mecefix-B.E 250mg,HOP,DNANG,5.0,-5.0,0.0,896.0,960.0,0.0,0.0
EH065,Mecefix-B.E 250mg,HOP,HCM,6.0,-112.0,0.0,912.0,0.0,0.0,0.0
EH065,Mecefix-B.E 250mg,HOP,HN,1.0,0.0,0.0,161.0,0.0,0.0,0.0
EH065,Mecefix-B.E 250mg,HOP,KH,5.0,0.0,0.0,65.0,60.0,0.0,0.0
EH065,Mecefix-B.E 250mg,HOP,NA,2.0,0.0,0.0,169.0,0.0,0.0,0.0
EH066,Mecefix-B.E 50mg,HOP,CT,7.0,-15.0,0.0,158.0,0.0,0.0,0.0
EH066,Mecefix-B.E 50mg,HOP,DNAI,6.0,-41.0,510.0,306.0,231.0,0.0,0.0
EH066,Mecefix-B.E 50mg,HOP,DNANG,5.0,0.0,0.0,437.0,0.0,0.0,0.0
EH066,Mecefix-B.E 50mg,HOP,HCM,6.0,-20.0,0.0,962.0,0.0,0.0,0.0
EH066,Mecefix-B.E 50mg,HOP,HN,1.0,-45.0,0.0,394.0,0.0,0.0,0.0
EH066,Mecefix-B.E 50mg,HOP,KH,5.0,0.0,0.0,147.0,92.0,0.0,0.0
EH066,Mecefix-B.E 50mg,HOP,NA,2.0,0.0,0.0,104.0,0.0,0.0,0.0
EH067,Mecefix-B.E 75mg,HOP,CT,7.0,0.0,204.0,63.0,0.0,0.0,0.0
EH067,Mecefix-B.E 75mg,HOP,DNAI,6.0,-85.0,510.0,395.0,50.0,0.0,0.0
EH067,Mecefix-B.E 75mg,HOP,DNANG,5.0,-5.0,0.0,386.0,204.0,0.0,0.0
EH067,Mecefix-B.E 75mg,HOP,HCM,6.0,0.0,0.0,2328.0,0.0,0.0,0.0
EH067,Mecefix-B.E 75mg,HOP,HN,1.0,-37.0,0.0,407.0,0.0,0.0,0.0
EH067,Mecefix-B.E 75mg,HOP,KH,5.0,-30.0,0.0,511.0,0.0,0.0,0.0
EH067,Mecefix-B.E 75mg,HOP,NA,2.0,0.0,0.0,219.0,0.0,0.0,0.0
EH068,Mecefix-B.E 150mg,HOP,CT,7.0,-2.0,0.0,61.0,0.0,0.0,0.0
EH068,Mecefix-B.E 150mg,HOP,DNAI,6.0,-10.0,320.0,204.0,160.0,0.0,0.0
EH068,Mecefix-B.E 150mg,HOP,DNANG,5.0,0.0,0.0,348.0,1319.0,0.0,0.0
EH068,Mecefix-B.E 150mg,HOP,HCM,6.0,-44.0,0.0,738.0,0.0,0.0,0.0
EH068,Mecefix-B.E 150mg,HOP,HN,1.0,0.0,0.0,97.0,0.0,0.0,0.0
EH068,Mecefix-B.E 150mg,HOP,KH,5.0,0.0,0.0,30.0,160.0,0.0,0.0
EH068,Mecefix-B.E 150mg,HOP,NA,2.0,0.0,0.0,171.0,0.0,0.0,0.0
EH069,Mecefix-B.E 200mg,HOP,CT,7.0,0.0,480.0,195.0,0.0,0.0,0.0
EH069,Mecefix-B.E 200mg,HOP,DNAI,6.0,-67.0,320.0,625.0,50.0,0.0,0.0
EH069,Mecefix-B.E 200mg,HOP,DNANG,5.0,0.0,0.0,439.0,0.0,0.0,0.0
EH069,Mecefix-B.E 200mg,HOP,HCM,6.0,0.0,0.0,605.0,0.0,0.0,0.0
EH069,Mecefix-B.E 200mg,HOP,HN,1.0,0.0,0.0,201.0,0.0,0.0,0.0
EH069,Mecefix-B.E 200mg,HOP,KH,5.0,-10.0,0.0,89.0,120.0,0.0,0.0
EH069,Mecefix-B.E 200mg,HOP,NA,2.0,0.0,0.0,75.0,0.0,0.0,0.0
EH070,Efodyl 500mg,HOP,CT,7.0,0.0,160.0,180.0,0.0,0.0,0.0
EH070,Efodyl 500mg,HOP,DNAI,6.0,-61.0,800.0,329.0,50.0,0.0,0.0
EH070,Efodyl 500mg,HOP,DNANG,5.0,0.0,0.0,723.0,0.0,0.0,0.0
EH070,Efodyl 500mg,HOP,HCM,6.0,0.0,0.0,1151.0,0.0,0.0,0.0
EH070,Efodyl 500mg,HOP,HN,1.0,-10.0,0.0,136.0,0.0,0.0,0.0
EH070,Efodyl 500mg,HOP,KH,5.0,0.0,0.0,324.0,0.0,0.0,0.0
EH070,Efodyl 500mg,HOP,NA,2.0,-2.0,0.0,281.0,0.0,0.0,0.0
EH072,Meceta 500mg,HOP,CT,7.0,-78.0,0.0,838.0,0.0,0.0,0.0
EH072,Meceta 500mg,HOP,DNAI,6.0,-48.0,480.0,277.0,0.0,0.0,0.0
EH072,Meceta 500mg,HOP,DNANG,5.0,0.0,240.0,7.0,0.0,0.0,0.0
EH072,Meceta 500mg,HOP,HCM,6.0,0.0,0.0,807.0,0.0,0.0,0.0
EH072,Meceta 500mg,HOP,HN,1.0,0.0,0.0,258.0,0.0,0.0,0.0
EH072,Meceta 500mg,HOP,KH,5.0,-10.0,0.0,84.0,0.0,0.0,0.0
EH072,Meceta 500mg,HOP,NA,2.0,0.0,0.0,66.0,0.0,0.0,0.0
EH074,Metodex 5ml,HOP,CT,7.0,-37.0,0.0,1226.0,0.0,0.0,0.0
EH074,Metodex 5ml,HOP,DNAI,6.0,-50.0,900.0,2136.0,0.0,0.0,0.0
EH074,Metodex 5ml,HOP,DNANG,5.0,-25.0,0.0,884.0,0.0,0.0,0.0
EH074,Metodex 5ml,HOP,HCM,6.0,-15.0,0.0,1910.0,0.0,0.0,0.0
EH074,Metodex 5ml,HOP,HN,1.0,-103.0,0.0,899.0,0.0,0.0,0.0
EH074,Metodex 5ml,HOP,KH,5.0,-29.0,0.0,1175.0,0.0,0.0,0.0
EH074,Metodex 5ml,HOP,NA,2.0,-20.0,0.0,365.0,0.0,0.0,0.0
EH083,Mecefix-B.E 400mg,HOP,KH,5.0,0.0,0.0,0.0,0.0,0.0,0.0
EH083,Mecefix-B.E 400mg,HOP,NA,2.0,0.0,0.0,41.0,0.0,0.0,0.0
EH084,Xisat XP Xanh 75ml,HOP,CT,7.0,-130.0,0.0,786.0,0.0,0.0,0.0
EH084,Xisat XP Xanh 75ml,HOP,DNAI,6.0,-23.0,0.0,269.0,0.0,0.0,0.0
EH084,Xisat XP Xanh 75ml,HOP,DNANG,5.0,-30.0,0.0,485.0,0.0,0.0,0.0
EH084,Xisat XP Xanh 75ml,HOP,HCM,6.0,-461.0,0.0,1982.0,0.0,0.0,0.0
EH084,Xisat XP Xanh 75ml,HOP,HN,1.0,-10.0,0.0,62.0,0.0,0.0,0.0
EH084,Xisat XP Xanh 75ml,HOP,KH,5.0,0.0,0.0,302.0,0.0,0.0,0.0
EH084,Xisat XP Xanh 75ml,HOP,NA,2.0,-20.0,0.0,20.0,0.0,0.0,0.0
EH085,Xisat XP Hong 75ml,HOP,CT,7.0,-70.0,0.0,451.0,0.0,0.0,0.0
EH085,Xisat XP Hong 75ml,HOP,DNAI,6.0,-28.0,0.0,140.0,0.0,0.0,0.0
EH085,Xisat XP Hong 75ml,HOP,DNANG,5.0,-43.0,0.0,198.0,0.0,0.0,0.0
EH085,Xisat XP Hong 75ml,HOP,HCM,6.0,-277.0,0.0,277.0,0.0,0.0,0.0
EH085,Xisat XP Hong 75ml,HOP,HN,1.0,-10.0,0.0,64.0,0.0,0.0,0.0
EH085,Xisat XP Hong 75ml,HOP,KH,5.0,0.0,0.0,162.0,0.0,0.0,0.0
EH085,Xisat XP Hong 75ml,HOP,NA,2.0,-20.0,0.0,86.0,0.0,0.0,0.0
EH086,Benita,HOP,CT,7.0,-302.0,2000.0,1662.0,2780.0,0.0,0.0
EH086,Benita,HOP,DNAI,6.0,-200.0,1000.0,3067.0,1819.0,0.0,0.0
EH086,Benita,HOP,DNANG,5.0,-158.0,0.0,3412.0,1289.0,0.0,0.0
EH086,Benita,HOP,HCM,6.0,-739.0,0.0,13700.0,0.0,0.0,0.0
EH086,Benita,HOP,HN,1.0,-523.0,0.0,2480.0,816.0,0.0,0.0
EH086,Benita,HOP,KH,5.0,-121.0,5000.0,1291.0,105.0,0.0,0.0
EH086,Benita,HOP,NA,2.0,0.0,0.0,1838.0,1135.0,0.0,0.0
EH087,Meseca,HOP,CT,7.0,-895.0,2000.0,1340.0,3270.0,0.0,0.0
EH087,Meseca,HOP,DNAI,6.0,-317.0,0.0,1620.0,2680.0,0.0,0.0
EH087,Meseca,HOP,DNANG,5.0,-73.0,0.0,1639.0,1679.0,0.0,0.0
EH087,Meseca,HOP,HCM,6.0,-1034.0,0.0,9816.0,0.0,0.0,0.0
EH087,Meseca,HOP,HN,1.0,-54.0,0.0,2046.0,972.0,0.0,0.0
EH087,Meseca,HOP,KH,5.0,-61.0,0.0,2446.0,615.0,0.0,0.0
EH087,Meseca,HOP,NA,2.0,0.0,0.0,1307.0,950.0,0.0,0.0
EH088,Metodex sps 5ml,HOP,CT,7.0,0.0,0.0,655.0,0.0,0.0,0.0
EH088,Metodex sps 5ml,HOP,DNAI,6.0,-15.0,0.0,1186.0,0.0,0.0,0.0
EH088,Metodex sps 5ml,HOP,DNANG,5.0,0.0,0.0,314.0,175.0,0.0,0.0
EH088,Metodex sps 5ml,HOP,HCM,6.0,-10.0,0.0,1276.0,0.0,0.0,0.0
EH088,Metodex sps 5ml,HOP,HN,1.0,-30.0,0.0,244.0,0.0,0.0,0.0
EH088,Metodex sps 5ml,HOP,KH,5.0,0.0,0.0,1061.0,0.0,0.0,0.0
EH088,Metodex sps 5ml,HOP,NA,2.0,0.0,0.0,182.0,0.0,0.0,0.0
EH089,Benate fort ointment,HOP,CT,7.0,0.0,0.0,1640.0,0.0,0.0,0.0
EH089,Benate fort ointment,HOP,DNAI,6.0,-20.0,400.0,1896.0,50.0,0.0,0.0
EH089,Benate fort ointment,HOP,DNANG,5.0,-10.0,0.0,1176.0,0.0,0.0,0.0
EH089,Benate fort ointment,HOP,HCM,6.0,-15.0,0.0,1389.0,0.0,0.0,0.0
EH089,Benate fort ointment,HOP,HN,1.0,-96.0,0.0,557.0,91.0,0.0,0.0
EH089,Benate fort ointment,HOP,KH,5.0,0.0,0.0,734.0,0.0,0.0,0.0
EH089,Benate fort ointment,HOP,NA,2.0,-10.0,0.0,578.0,0.0,0.0,0.0
EH091,Syseye 10ml,HOP,CT,7.0,-77.0,900.0,1477.0,0.0,0.0,0.0
EH091,Syseye 10ml,HOP,DNAI,6.0,-10.0,0.0,2158.0,60.0,0.0,0.0
EH091,Syseye 10ml,HOP,DNANG,5.0,-40.0,0.0,740.0,600.0,0.0,0.0
EH091,Syseye 10ml,HOP,HCM,6.0,-70.0,0.0,9139.0,0.0,0.0,0.0
EH091,Syseye 10ml,HOP,HN,1.0,-40.0,0.0,1145.0,71.0,0.0,0.0
EH091,Syseye 10ml,HOP,KH,5.0,-15.0,300.0,520.0,0.0,0.0,0.0
EH091,Syseye 10ml,HOP,NA,2.0,0.0,0.0,628.0,0.0,0.0,0.0
EH092,Medoral 250ml,HOP,CT,7.0,-485.0,0.0,900.0,0.0,0.0,0.0
EH092,Medoral 250ml,HOP,DNAI,6.0,-679.0,0.0,687.0,2581.0,0.0,0.0
EH092,Medoral 250ml,HOP,DNANG,5.0,-132.0,2500.0,361.0,0.0,0.0,0.0
EH092,Medoral 250ml,HOP,HCM,6.0,-8217.0,2505.0,9105.0,0.0,0.0,0.0
EH092,Medoral 250ml,HOP,HN,1.0,-361.0,0.0,2286.0,0.0,0.0,0.0
EH092,Medoral 250ml,HOP,KH,5.0,-132.0,0.0,1603.0,0.0,0.0,0.0
EH092,Medoral 250ml,HOP,NA,2.0,-66.0,0.0,3700.0,0.0,0.0,0.0
EH093,Efodyl 250mg,HOP,CT,7.0,0.0,0.0,131.0,0.0,0.0,0.0
EH093,Efodyl 250mg,HOP,DNAI,6.0,-22.0,0.0,171.0,0.0,0.0,0.0
EH093,Efodyl 250mg,HOP,DNANG,5.0,0.0,0.0,261.0,0.0,0.0,0.0
EH093,Efodyl 250mg,HOP,HCM,6.0,0.0,0.0,196.0,0.0,0.0,0.0
EH093,Efodyl 250mg,HOP,HN,1.0,-13.0,0.0,165.0,0.0,0.0,0.0
EH093,Efodyl 250mg,HOP,KH,5.0,-10.0,0.0,203.0,0.0,0.0,0.0
EH093,Efodyl 250mg,HOP,NA,2.0,0.0,0.0,94.0,0.0,0.0,0.0
EH094,Meclonate,HOP,CT,7.0,0.0,200.0,0.0,60.0,0.0,0.0
EH094,Meclonate,HOP,DNAI,6.0,0.0,0.0,1071.0,450.0,0.0,0.0
EH094,Meclonate,HOP,DNANG,5.0,0.0,0.0,0.0,687.0,0.0,0.0
EH094,Meclonate,HOP,HCM,6.0,0.0,0.0,1212.0,0.0,0.0,0.0
EH094,Meclonate,HOP,HN,1.0,-6.0,0.0,370.0,85.0,0.0,0.0
EH094,Meclonate,HOP,KH,5.0,0.0,0.0,159.0,700.0,0.0,0.0
EH094,Meclonate,HOP,NA,2.0,0.0,0.0,664.0,760.0,0.0,0.0
EH095,Metiny 375mg,HOP,CT,7.0,-20.0,0.0,71.0,150.0,0.0,0.0
EH095,Metiny 375mg,HOP,DNAI,6.0,-40.0,0.0,79.0,50.0,0.0,0.0
EH095,Metiny 375mg,HOP,DNANG,5.0,0.0,0.0,447.0,765.0,0.0,0.0
EH095,Metiny 375mg,HOP,HCM,6.0,0.0,0.0,5448.0,0.0,0.0,0.0
EH095,Metiny 375mg,HOP,HN,1.0,0.0,0.0,18.0,0.0,0.0,0.0
EH095,Metiny 375mg,HOP,KH,5.0,0.0,0.0,88.0,2180.0,0.0,0.0
EH095,Metiny 375mg,HOP,NA,2.0,0.0,0.0,223.0,0.0,0.0,0.0
EH096,Efodyl 125mg,HOP,CT,7.0,0.0,306.0,1.0,0.0,0.0,0.0
EH096,Efodyl 125mg,HOP,DNAI,6.0,-48.0,0.0,2306.0,0.0,0.0,0.0
EH096,Efodyl 125mg,HOP,DNANG,5.0,0.0,0.0,479.0,0.0,0.0,0.0
EH096,Efodyl 125mg,HOP,HCM,6.0,-50.0,0.0,963.0,0.0,0.0,0.0
EH096,Efodyl 125mg,HOP,HN,1.0,-46.0,0.0,404.0,0.0,0.0,0.0
EH096,Efodyl 125mg,HOP,KH,5.0,-15.0,0.0,177.0,635.0,0.0,0.0
EH096,Efodyl 125mg,HOP,NA,2.0,0.0,0.0,191.0,0.0,0.0,0.0
EH097,Olevid 5ml,HOP,CT,7.0,0.0,0.0,304.0,100.0,0.0,0.0
EH097,Olevid 5ml,HOP,DNAI,6.0,0.0,0.0,934.0,110.0,0.0,0.0
EH097,Olevid 5ml,HOP,DNANG,5.0,0.0,0.0,240.0,1045.0,0.0,0.0
EH097,Olevid 5ml,HOP,HCM,6.0,0.0,0.0,3161.0,0.0,0.0,0.0
EH097,Olevid 5ml,HOP,HN,1.0,0.0,0.0,624.0,545.0,0.0,0.0
EH097,Olevid 5ml,HOP,KH,5.0,0.0,0.0,154.0,550.0,0.0,0.0
EH097,Olevid 5ml,HOP,NA,2.0,0.0,0.0,231.0,450.0,0.0,0.0
EH099,Vedanal Fort,HOP,CT,7.0,-170.0,1200.0,68.0,178.0,0.0,0.0
EH099,Vedanal Fort,HOP,DNAI,6.0,0.0,0.0,1324.0,560.0,0.0,0.0
EH099,Vedanal Fort,HOP,DNANG,5.0,-5.0,0.0,1965.0,360.0,0.0,0.0
EH099,Vedanal Fort,HOP,HCM,6.0,0.0,0.0,5458.0,0.0,0.0,0.0
EH099,Vedanal Fort,HOP,HN,1.0,-124.0,0.0,848.0,55.0,0.0,0.0
EH099,Vedanal Fort,HOP,KH,5.0,0.0,0.0,133.0,480.0,0.0,0.0
EH099,Vedanal Fort,HOP,NA,2.0,-10.0,0.0,663.0,1090.0,0.0,0.0
EH100,Efodyl 250mg (Gói),HOP,CT,7.0,0.0,0.0,398.0,0.0,0.0,0.0
EH100,Efodyl 250mg (Gói),HOP,DNAI,6.0,-19.0,192.0,209.0,0.0,0.0,0.0
EH100,Efodyl 250mg (Gói),HOP,DNANG,5.0,0.0,192.0,115.0,0.0,0.0,0.0
EH100,Efodyl 250mg (Gói),HOP,HCM,6.0,-5.0,0.0,81.0,0.0,0.0,0.0
EH100,Efodyl 250mg (Gói),HOP,HN,1.0,-12.0,0.0,171.0,0.0,0.0,0.0
EH100,Efodyl 250mg (Gói),HOP,KH,5.0,0.0,0.0,103.0,0.0,0.0,0.0
EH100,Efodyl 250mg (Gói),HOP,NA,2.0,0.0,0.0,132.0,0.0,0.0,0.0
EH101,Vitol 0.18%,HOP,CT,7.0,-5.0,600.0,297.0,0.0,0.0,0.0
EH101,Vitol 0.18%,HOP,DNAI,6.0,-50.0,600.0,267.0,600.0,0.0,0.0
EH101,Vitol 0.18%,HOP,DNANG,5.0,-2.0,0.0,939.0,0.0,0.0,0.0
EH101,Vitol 0.18%,HOP,HCM,6.0,0.0,0.0,872.0,0.0,0.0,0.0
EH101,Vitol 0.18%,HOP,HN,1.0,-75.0,0.0,366.0,0.0,0.0,0.0
EH101,Vitol 0.18%,HOP,KH,5.0,0.0,0.0,429.0,0.0,0.0,0.0
EH101,Vitol 0.18%,HOP,NA,2.0,0.0,0.0,369.0,0.0,0.0,0.0
EH102,Medoral 125ml,HOP,CT,7.0,-196.0,0.0,508.0,0.0,0.0,0.0
EH102,Medoral 125ml,HOP,DNAI,6.0,-58.0,800.0,115.0,0.0,0.0,0.0
EH102,Medoral 125ml,HOP,DNANG,5.0,-99.0,2800.0,456.0,0.0,0.0,0.0
EH102,Medoral 125ml,HOP,HCM,6.0,-99.0,4471.0,127.0,0.0,0.0,0.0
EH102,Medoral 125ml,HOP,HN,1.0,-198.0,0.0,816.0,0.0,0.0,0.0
EH102,Medoral 125ml,HOP,KH,5.0,-11.0,2000.0,15.0,0.0,0.0,0.0
EH102,Medoral 125ml,HOP,NA,2.0,-11.0,0.0,1171.0,0.0,0.0,0.0
EH103,Cebest 200mg,HOP,CT,7.0,0.0,160.0,60.0,0.0,0.0,0.0
EH103,Cebest 200mg,HOP,DNAI,6.0,0.0,160.0,329.0,0.0,0.0,0.0
EH103,Cebest 200mg,HOP,DNANG,5.0,0.0,0.0,1596.0,480.0,0.0,0.0
EH103,Cebest 200mg,HOP,HCM,6.0,0.0,0.0,615.0,0.0,0.0,0.0
EH103,Cebest 200mg,HOP,HN,1.0,-1.0,0.0,253.0,0.0,0.0,0.0
EH103,Cebest 200mg,HOP,KH,5.0,0.0,0.0,131.0,160.0,0.0,0.0
EH103,Cebest 200mg,HOP,NA,2.0,-2.0,0.0,256.0,0.0,0.0,0.0
EH104,Cebest 100mg,HOP,CT,7.0,0.0,0.0,208.0,0.0,0.0,0.0
EH104,Cebest 100mg,HOP,DNAI,6.0,-36.0,0.0,213.0,0.0,0.0,0.0
EH104,Cebest 100mg,HOP,DNANG,5.0,0.0,0.0,115.0,1500.0,0.0,0.0
EH104,Cebest 100mg,HOP,HCM,6.0,0.0,0.0,149.0,0.0,0.0,0.0
EH104,Cebest 100mg,HOP,HN,1.0,0.0,0.0,217.0,338.0,0.0,0.0
EH104,Cebest 100mg,HOP,KH,5.0,0.0,0.0,179.0,290.0,0.0,0.0
EH104,Cebest 100mg,HOP,NA,2.0,0.0,0.0,187.0,0.0,0.0,0.0
EH105,Etobat 10ml,HOP,CT,7.0,-17.0,300.0,99.0,0.0,0.0,0.0
EH105,Etobat 10ml,HOP,DNAI,6.0,0.0,0.0,603.0,0.0,0.0,0.0
EH105,Etobat 10ml,HOP,DNANG,5.0,-11.0,0.0,479.0,0.0,0.0,0.0
EH105,Etobat 10ml,HOP,HCM,6.0,0.0,0.0,583.0,0.0,0.0,0.0
EH105,Etobat 10ml,HOP,HN,1.0,0.0,0.0,190.0,0.0,0.0,0.0
EH105,Etobat 10ml,HOP,KH,5.0,0.0,0.0,305.0,0.0,0.0,0.0
EH105,Etobat 10ml,HOP,NA,2.0,0.0,0.0,79.0,0.0,0.0,0.0
EH106,Cebest 100 Gói,HOP,CT,7.0,-20.0,0.0,147.0,85.0,0.0,0.0
EH106,Cebest 100 Gói,HOP,DNAI,6.0,0.0,0.0,632.0,960.0,0.0,0.0
EH106,Cebest 100 Gói,HOP,DNANG,5.0,0.0,0.0,184.0,322.0,0.0,0.0
EH106,Cebest 100 Gói,HOP,HCM,6.0,0.0,0.0,1415.0,0.0,0.0,0.0
EH106,Cebest 100 Gói,HOP,HN,1.0,-217.0,0.0,124.0,204.0,0.0,0.0
EH106,Cebest 100 Gói,HOP,KH,5.0,0.0,0.0,123.0,1056.0,0.0,0.0
EH106,Cebest 100 Gói,HOP,NA,2.0,0.0,0.0,27.0,229.0,0.0,0.0
EH107,Stomex,HOP,CT,7.0,-6.0,0.0,438.0,0.0,0.0,0.0
EH107,Stomex,HOP,DNAI,6.0,-27.0,0.0,931.0,50.0,0.0,0.0
EH107,Stomex,HOP,DNANG,5.0,0.0,0.0,1949.0,0.0,0.0,0.0
EH107,Stomex,HOP,HCM,6.0,-17.0,0.0,1591.0,0.0,0.0,0.0
EH107,Stomex,HOP,HN,1.0,-24.0,0.0,531.0,0.0,0.0,0.0
EH107,Stomex,HOP,KH,5.0,-30.0,0.0,310.0,0.0,0.0,0.0
EH107,Stomex,HOP,NA,2.0,0.0,0.0,309.0,0.0,0.0,0.0
EH108,Meseca Fort,HOP,CT,7.0,0.0,0.0,334.0,0.0,0.0,0.0
EH108,Meseca Fort,HOP,DNAI,6.0,-30.0,0.0,1495.0,0.0,0.0,0.0
EH108,Meseca Fort,HOP,DNANG,5.0,-43.0,0.0,1625.0,40.0,0.0,0.0
EH108,Meseca Fort,HOP,HCM,6.0,-132.0,0.0,1493.0,0.0,0.0,0.0
EH108,Meseca Fort,HOP,HN,1.0,-64.0,0.0,903.0,200.0,0.0,0.0
EH108,Meseca Fort,HOP,KH,5.0,-22.0,0.0,261.0,380.0,0.0,0.0
EH108,Meseca Fort,HOP,NA,2.0,0.0,0.0,447.0,0.0,0.0,0.0
EH109,Cebest 50 Gói,HOP,CT,7.0,0.0,102.0,148.0,20.0,0.0,0.0
EH109,Cebest 50 Gói,HOP,DNAI,6.0,-48.0,0.0,971.0,1009.0,0.0,0.0
EH109,Cebest 50 Gói,HOP,DNANG,5.0,0.0,0.0,687.0,1366.0,0.0,0.0
EH109,Cebest 50 Gói,HOP,HCM,6.0,0.0,0.0,3331.0,0.0,0.0,3060.0
EH109,Cebest 50 Gói,HOP,HN,1.0,0.0,0.0,631.0,387.0,0.0,0.0
EH109,Cebest 50 Gói,HOP,KH,5.0,-30.0,0.0,94.0,1322.0,0.0,0.0
EH109,Cebest 50 Gói,HOP,NA,2.0,-204.0,0.0,172.0,312.0,0.0,0.0
EH110,Metoxa 10ml,HOP,CT,7.0,-15.0,0.0,192.0,95.0,0.0,0.0
EH110,Metoxa 10ml,HOP,DNAI,6.0,0.0,0.0,192.0,0.0,0.0,0.0
EH110,Metoxa 10ml,HOP,DNANG,5.0,-5.0,0.0,79.0,220.0,0.0,0.0
EH110,Metoxa 10ml,HOP,HCM,6.0,0.0,216.0,34.0,0.0,0.0,0.0
EH110,Metoxa 10ml,HOP,HN,1.0,-13.0,0.0,19.0,164.0,0.0,0.0
EH110,Metoxa 10ml,HOP,KH,5.0,0.0,0.0,81.0,16.0,0.0,0.0
EH110,Metoxa 10ml,HOP,NA,2.0,-5.0,0.0,151.0,32.0,0.0,0.0
EH111,Aquima,HOP,CT,7.0,-319.0,0.0,335.0,4453.0,0.0,0.0
EH111,Aquima,HOP,DNAI,6.0,-1730.0,10525.0,6350.0,2998.0,0.0,0.0
EH111,Aquima,HOP,DNANG,5.0,-35.0,0.0,3150.0,8770.0,0.0,0.0
EH111,Aquima,HOP,HCM,6.0,-38.0,0.0,5155.0,0.0,0.0,7041.0
EH111,Aquima,HOP,HN,1.0,-67.0,0.0,670.0,559.0,0.0,0.0
EH111,Aquima,HOP,KH,5.0,-16.0,0.0,2105.0,7959.0,0.0,0.0
EH111,Aquima,HOP,NA,2.0,0.0,1000.0,330.0,1130.0,0.0,0.0
EH112,Syseye 15ml,HOP,CT,7.0,0.0,1440.0,28.0,0.0,0.0,0.0
EH112,Syseye 15ml,HOP,DNAI,6.0,-150.0,960.0,1559.0,967.0,0.0,0.0
EH112,Syseye 15ml,HOP,DNANG,5.0,0.0,0.0,461.0,333.0,0.0,0.0
EH112,Syseye 15ml,HOP,HCM,6.0,0.0,0.0,17476.0,0.0,0.0,0.0
EH112,Syseye 15ml,HOP,HN,1.0,0.0,0.0,60.0,575.0,0.0,0.0
EH112,Syseye 15ml,HOP,KH,5.0,0.0,0.0,1247.0,570.0,0.0,0.0
EH112,Syseye 15ml,HOP,NA,2.0,0.0,1440.0,844.0,472.0,0.0,0.0
EH113,Scofi 10ml,HOP,CT,7.0,-1.0,0.0,1023.0,430.0,0.0,0.0
EH113,Scofi 10ml,HOP,DNAI,6.0,-200.0,600.0,587.0,237.0,0.0,0.0
EH113,Scofi 10ml,HOP,DNANG,5.0,0.0,0.0,1698.0,2981.0,0.0,0.0
EH113,Scofi 10ml,HOP,HCM,6.0,0.0,0.0,1577.0,0.0,0.0,0.0
EH113,Scofi 10ml,HOP,HN,1.0,-30.0,0.0,495.0,1345.0,0.0,0.0
EH113,Scofi 10ml,HOP,KH,5.0,0.0,0.0,1530.0,1270.0,0.0,0.0
EH113,Scofi 10ml,HOP,NA,2.0,0.0,0.0,97.0,500.0,0.0,0.0
EH114,Fiora,HOP,CT,7.0,0.0,0.0,109.0,0.0,0.0,0.0
EH114,Fiora,HOP,DNAI,6.0,0.0,240.0,128.0,340.0,0.0,0.0
EH114,Fiora,HOP,DNANG,5.0,-5.0,0.0,445.0,10.0,0.0,0.0
EH114,Fiora,HOP,HCM,6.0,-21.0,0.0,355.0,0.0,0.0,0.0
EH114,Fiora,HOP,HN,1.0,-10.0,0.0,225.0,0.0,0.0,0.0
EH114,Fiora,HOP,KH,5.0,0.0,0.0,54.0,160.0,0.0,0.0
EH114,Fiora,HOP,NA,2.0,0.0,0.0,171.0,0.0,0.0,0.0
EH115,Ebysta 10ml gói,HOP,CT,7.0,-130.0,900.0,340.0,0.0,0.0,0.0
EH115,Ebysta 10ml gói,HOP,DNAI,6.0,-195.0,0.0,1694.0,800.0,0.0,0.0
EH115,Ebysta 10ml gói,HOP,DNANG,5.0,-30.0,0.0,2588.0,35.0,0.0,0.0
EH115,Ebysta 10ml gói,HOP,HCM,6.0,-3221.0,0.0,12687.0,0.0,0.0,0.0
EH115,Ebysta 10ml gói,HOP,HN,1.0,-83.0,0.0,894.0,92.0,0.0,0.0
EH115,Ebysta 10ml gói,HOP,KH,5.0,-99.0,0.0,2109.0,30.0,0.0,0.0
EH115,Ebysta 10ml gói,HOP,NA,2.0,-11.0,0.0,1079.0,0.0,0.0,0.0
EH116,Mepatyl,HOP,CT,7.0,0.0,216.0,185.0,0.0,0.0,0.0
EH116,Mepatyl,HOP,DNAI,6.0,0.0,0.0,393.0,0.0,0.0,0.0
EH116,Mepatyl,HOP,DNANG,5.0,0.0,0.0,141.0,0.0,0.0,0.0
EH116,Mepatyl,HOP,HCM,6.0,-20.0,0.0,353.0,0.0,0.0,0.0
EH116,Mepatyl,HOP,HN,1.0,-10.0,0.0,302.0,0.0,0.0,0.0
EH116,Mepatyl,HOP,KH,5.0,-22.0,0.0,238.0,0.0,0.0,0.0
EH116,Mepatyl,HOP,NA,2.0,0.0,0.0,376.0,0.0,0.0,0.0
EH117,Vitol 12ml,HOP,CT,7.0,0.0,480.0,105.0,90.0,0.0,0.0
EH117,Vitol 12ml,HOP,DNAI,6.0,-320.0,0.0,1920.0,1628.0,0.0,0.0
EH117,Vitol 12ml,HOP,DNANG,5.0,0.0,0.0,457.0,2650.0,0.0,0.0
EH117,Vitol 12ml,HOP,HCM,6.0,0.0,0.0,5465.0,0.0,0.0,0.0
EH117,Vitol 12ml,HOP,HN,1.0,0.0,0.0,499.0,972.0,0.0,0.0
EH117,Vitol 12ml,HOP,KH,5.0,0.0,0.0,1218.0,130.0,0.0,0.0
EH117,Vitol 12ml,HOP,NA,2.0,0.0,0.0,10.0,790.0,0.0,0.0
EH118,Pemolip 30 cốm,HOP,DNAI,6.0,0.0,0.0,3.0,0.0,0.0,0.0
EH118,Pemolip 30 cốm,HOP,NA,2.0,-17.0,0.0,22.0,0.0,0.0,0.0
EH119,Pemolip 50 cốm,HOP,CT,7.0,0.0,0.0,136.0,0.0,0.0,0.0
EH119,Pemolip 50 cốm,HOP,DNAI,6.0,0.0,0.0,386.0,0.0,0.0,0.0
EH119,Pemolip 50 cốm,HOP,DNANG,5.0,0.0,0.0,196.0,0.0,0.0,0.0
EH119,Pemolip 50 cốm,HOP,HCM,6.0,0.0,0.0,1050.0,0.0,0.0,0.0
EH119,Pemolip 50 cốm,HOP,HN,1.0,0.0,0.0,276.0,0.0,0.0,0.0
EH119,Pemolip 50 cốm,HOP,KH,5.0,0.0,0.0,58.0,0.0,0.0,0.0
EH119,Pemolip 50 cốm,HOP,NA,2.0,-36.0,0.0,40.0,0.0,0.0,0.0
EH120,Kofio,HOP,CT,7.0,-20.0,200.0,35.0,20.0,0.0,0.0
EH120,Kofio,HOP,DNAI,6.0,0.0,0.0,556.0,1166.0,0.0,0.0
EH120,Kofio,HOP,DNANG,5.0,0.0,0.0,8.0,164.0,0.0,0.0
EH120,Kofio,HOP,HCM,6.0,-11.0,0.0,698.0,0.0,0.0,0.0
EH120,Kofio,HOP,HN,1.0,-5.0,0.0,39.0,36.0,0.0,0.0
EH120,Kofio,HOP,KH,5.0,0.0,0.0,13.0,90.0,0.0,0.0
EH120,Kofio,HOP,NA,2.0,0.0,0.0,28.0,200.0,0.0,0.0
EH121,Medoral không cồn 250 ml,HOP,DNANG,5.0,0.0,0.0,6.0,0.0,0.0,0.0
EH121,Medoral không cồn 250 ml,HOP,HCM,6.0,0.0,0.0,5.0,0.0,0.0,0.0
EH121,Medoral không cồn 250 ml,HOP,NA,2.0,0.0,0.0,2.0,0.0,0.0,0.0
EH122,Metodex SPS 7ml,HOP,CT,7.0,-2.0,0.0,35.0,190.0,0.0,0.0
EH122,Metodex SPS 7ml,HOP,DNAI,6.0,0.0,0.0,1488.0,1013.0,0.0,0.0
EH122,Metodex SPS 7ml,HOP,DNANG,5.0,0.0,0.0,462.0,1433.0,0.0,0.0
EH122,Metodex SPS 7ml,HOP,HCM,6.0,0.0,0.0,3398.0,0.0,0.0,0.0
EH122,Metodex SPS 7ml,HOP,HN,1.0,0.0,0.0,316.0,571.0,0.0,0.0
EH122,Metodex SPS 7ml,HOP,KH,5.0,0.0,0.0,298.0,400.0,0.0,0.0
EH122,Metodex SPS 7ml,HOP,NA,2.0,0.0,0.0,30.0,0.0,0.0,0.0
EH123,Navaldo,HOP,CT,7.0,0.0,300.0,0.0,0.0,0.0,0.0
EH123,Navaldo,HOP,DNAI,6.0,0.0,0.0,205.0,50.0,0.0,0.0
EH123,Navaldo,HOP,DNANG,5.0,0.0,0.0,99.0,230.0,0.0,0.0
EH123,Navaldo,HOP,HCM,6.0,0.0,0.0,463.0,0.0,0.0,0.0
EH123,Navaldo,HOP,HN,1.0,0.0,0.0,263.0,0.0,0.0,0.0
EH123,Navaldo,HOP,KH,5.0,-5.0,0.0,475.0,380.0,0.0,0.0
EH123,Navaldo,HOP,NA,2.0,0.0,0.0,223.0,0.0,0.0,0.0
EH124,Amfortgel,HOP,CT,7.0,-7.0,0.0,196.0,0.0,0.0,0.0
EH124,Amfortgel,HOP,DNAI,6.0,0.0,0.0,574.0,435.0,0.0,0.0
EH124,Amfortgel,HOP,DNANG,5.0,0.0,0.0,117.0,240.0,0.0,0.0
EH124,Amfortgel,HOP,HCM,6.0,0.0,0.0,1366.0,0.0,0.0,0.0
EH124,Amfortgel,HOP,HN,1.0,0.0,0.0,160.0,0.0,0.0,0.0
EH124,Amfortgel,HOP,KH,5.0,0.0,0.0,181.0,240.0,0.0,0.0
EH124,Amfortgel,HOP,NA,2.0,0.0,0.0,30.0,0.0,0.0,0.0
EH125,Ferritox,HOP,CT,7.0,0.0,0.0,64.0,15.0,0.0,0.0
EH125,Ferritox,HOP,DNAI,6.0,0.0,0.0,826.0,0.0,0.0,0.0
EH125,Ferritox,HOP,DNANG,5.0,-5.0,0.0,1202.0,0.0,0.0,0.0
EH125,Ferritox,HOP,HCM,6.0,0.0,0.0,1366.0,0.0,0.0,0.0
EH125,Ferritox,HOP,HN,1.0,0.0,0.0,136.0,0.0,0.0,0.0
EH125,Ferritox,HOP,KH,5.0,0.0,0.0,374.0,0.0,0.0,0.0
EH125,Ferritox,HOP,NA,2.0,0.0,0.0,134.0,0.0,0.0,0.0
OH016,Sathom 10g,HOP,CT,7.0,0.0,0.0,193.0,0.0,0.0,0.0
OH016,Sathom 10g,HOP,DNAI,6.0,0.0,120.0,196.0,90.0,0.0,0.0
OH016,Sathom 10g,HOP,DNANG,5.0,0.0,0.0,110.0,62.0,0.0,0.0
OH016,Sathom 10g,HOP,HCM,6.0,-2.0,0.0,549.0,0.0,0.0,0.0
OH016,Sathom 10g,HOP,HN,1.0,0.0,0.0,71.0,0.0,0.0,0.0
OH016,Sathom 10g,HOP,KH,5.0,0.0,60.0,89.0,20.0,0.0,0.0
OH016,Sathom 10g,HOP,NA,2.0,0.0,0.0,37.0,0.0,0.0,0.0
OH023,Metobra 5ml,HOP,CT,7.0,-148.0,900.0,1020.0,0.0,0.0,0.0
OH023,Metobra 5ml,HOP,DNAI,6.0,-82.0,1500.0,1552.0,140.0,0.0,0.0
OH023,Metobra 5ml,HOP,DNANG,5.0,-16.0,0.0,1159.0,0.0,0.0,0.0
OH023,Metobra 5ml,HOP,HCM,6.0,-53.0,0.0,13188.0,0.0,0.0,0.0
OH023,Metobra 5ml,HOP,HN,1.0,-26.0,0.0,654.0,90.0,0.0,0.0
OH023,Metobra 5ml,HOP,KH,5.0,-20.0,0.0,1179.0,0.0,0.0,0.0
OH023,Metobra 5ml,HOP,NA,2.0,0.0,0.0,768.0,0.0,0.0,0.0
OH031,"OSLA15ml, Việt Nam",HOP,CT,7.0,-1718.0,39139.0,20112.0,0.0,0.0,0.0
OH031,"OSLA15ml, Việt Nam",HOP,DNAI,6.0,-1530.0,9000.0,21419.0,60.0,0.0,0.0
OH031,"OSLA15ml, Việt Nam",HOP,DNANG,5.0,-278.0,0.0,28418.0,0.0,0.0,0.0
OH031,"OSLA15ml, Việt Nam",HOP,HCM,6.0,-5573.0,42000.0,53964.0,0.0,0.0,0.0
OH031,"OSLA15ml, Việt Nam",HOP,HN,1.0,-3557.0,0.0,4950.0,223.0,0.0,0.0
OH031,"OSLA15ml, Việt Nam",HOP,KH,5.0,-395.0,0.0,25189.0,0.0,0.0,0.0
OH031,"OSLA15ml, Việt Nam",HOP,NA,2.0,-27.0,0.0,10812.0,0.0,0.0,0.0
OH043,OSLA Baby 10ml,HOP,CT,7.0,-20.0,0.0,789.0,0.0,0.0,0.0
OH043,OSLA Baby 10ml,HOP,DNAI,6.0,-130.0,0.0,1667.0,50.0,0.0,0.0
OH043,OSLA Baby 10ml,HOP,DNANG,5.0,0.0,0.0,1230.0,0.0,0.0,0.0
OH043,OSLA Baby 10ml,HOP,HCM,6.0,0.0,0.0,1661.0,0.0,0.0,0.0
OH043,OSLA Baby 10ml,HOP,HN,1.0,0.0,0.0,306.0,8.0,0.0,0.0
OH043,OSLA Baby 10ml,HOP,KH,5.0,0.0,0.0,968.0,0.0,0.0,0.0
OH043,OSLA Baby 10ml,HOP,NA,2.0,0.0,0.0,777.0,0.0,0.0,0.0
OH044,Mepoly 10ml,HOP,CT,7.0,-25.0,1500.0,574.0,270.0,0.0,0.0
OH044,Mepoly 10ml,HOP,DNAI,6.0,-60.0,0.0,1440.0,1360.0,0.0,0.0
OH044,Mepoly 10ml,HOP,DNANG,5.0,-33.0,0.0,2668.0,108.0,0.0,0.0
OH044,Mepoly 10ml,HOP,HCM,6.0,-125.0,0.0,8421.0,0.0,0.0,0.0
OH044,Mepoly 10ml,HOP,HN,1.0,-183.0,0.0,3822.0,1937.0,0.0,0.0
OH044,Mepoly 10ml,HOP,KH,5.0,-5.0,0.0,425.0,2994.0,0.0,0.0
OH044,Mepoly 10ml,HOP,NA,2.0,-54.0,0.0,2233.0,2870.0,0.0,0.0
OH045,Melevo 5ml,HOP,CT,7.0,-74.0,600.0,288.0,0.0,0.0,0.0
OH045,Melevo 5ml,HOP,DNAI,6.0,-50.0,0.0,1110.0,0.0,0.0,0.0
OH045,Melevo 5ml,HOP,DNANG,5.0,-5.0,0.0,1170.0,0.0,0.0,0.0
OH045,Melevo 5ml,HOP,HCM,6.0,-22.0,0.0,1544.0,0.0,0.0,0.0
OH045,Melevo 5ml,HOP,HN,1.0,-12.0,0.0,313.0,0.0,0.0,0.0
OH045,Melevo 5ml,HOP,KH,5.0,0.0,0.0,440.0,0.0,0.0,0.0
OH045,Melevo 5ml,HOP,NA,2.0,0.0,0.0,697.0,0.0,0.0,0.0
OH047,Merika Fort,HOP,CT,7.0,0.0,0.0,521.0,0.0,0.0,0.0
OH047,Merika Fort,HOP,DNAI,6.0,-11.0,0.0,1436.0,50.0,0.0,0.0
OH047,Merika Fort,HOP,DNANG,5.0,0.0,0.0,211.0,0.0,0.0,0.0
OH047,Merika Fort,HOP,HCM,6.0,0.0,0.0,8393.0,0.0,0.0,0.0
OH047,Merika Fort,HOP,HN,1.0,-11.0,0.0,1033.0,0.0,0.0,0.0
OH047,Merika Fort,HOP,KH,5.0,-17.0,0.0,1079.0,0.0,0.0,0.0
OH047,Merika Fort,HOP,NA,2.0,0.0,400.0,10.0,0.0,0.0,0.0
OH049,Xisat 15ml,HOP,CT,7.0,-21.0,0.0,3177.0,0.0,0.0,0.0
OH049,Xisat 15ml,HOP,DNAI,6.0,-40.0,0.0,2900.0,0.0,0.0,0.0
OH049,Xisat 15ml,HOP,DNANG,5.0,0.0,0.0,1659.0,0.0,0.0,0.0
OH049,Xisat 15ml,HOP,HCM,6.0,-172.0,0.0,6765.0,0.0,0.0,0.0
OH049,Xisat 15ml,HOP,HN,1.0,-120.0,0.0,1410.0,10.0,0.0,0.0
OH049,Xisat 15ml,HOP,KH,5.0,-10.0,0.0,1019.0,0.0,0.0,0.0
OH049,Xisat 15ml,HOP,NA,2.0,0.0,0.0,1933.0,0.0,0.0,0.0
OH050,Xisat Viêm Mũi 75ml,HOP,CT,7.0,-36.0,0.0,37.0,0.0,0.0,0.0
OH050,Xisat Viêm Mũi 75ml,HOP,DNAI,6.0,-709.0,0.0,1920.0,574.0,0.0,0.0
OH050,Xisat Viêm Mũi 75ml,HOP,DNANG,5.0,0.0,0.0,631.0,0.0,0.0,0.0
OH050,Xisat Viêm Mũi 75ml,HOP,HCM,6.0,0.0,0.0,4508.0,0.0,0.0,0.0
OH050,Xisat Viêm Mũi 75ml,HOP,HN,1.0,-385.0,0.0,745.0,0.0,0.0,0.0
OH050,Xisat Viêm Mũi 75ml,HOP,KH,5.0,-38.0,0.0,38.0,0.0,0.0,0.0
OH050,Xisat Viêm Mũi 75ml,HOP,NA,2.0,0.0,0.0,684.0,0.0,0.0,0.0
OH051,Xisat Hàng Ngày 75ml (Xanh),HOP,CT,7.0,-382.0,4600.0,392.0,40.0,0.0,0.0
OH051,Xisat Hàng Ngày 75ml (Xanh),HOP,DNAI,6.0,-3100.0,18708.0,3700.0,0.0,0.0,0.0
OH051,Xisat Hàng Ngày 75ml (Xanh),HOP,DNANG,5.0,-31.0,13660.0,607.0,0.0,0.0,0.0
OH051,Xisat Hàng Ngày 75ml (Xanh),HOP,HCM,6.0,-255.0,18500.0,1973.0,0.0,0.0,0.0
OH051,Xisat Hàng Ngày 75ml (Xanh),HOP,HN,1.0,-14532.0,0.0,15717.0,0.0,0.0,0.0
OH051,Xisat Hàng Ngày 75ml (Xanh),HOP,KH,5.0,-1537.0,5000.0,1550.0,0.0,0.0,0.0
OH051,Xisat Hàng Ngày 75ml (Xanh),HOP,NA,2.0,0.0,0.0,631.0,0.0,0.0,0.0
OH052,Xisat Hàng Ngày 75ml (Hồng),HOP,CT,7.0,-157.0,0.0,157.0,0.0,0.0,0.0
OH052,Xisat Hàng Ngày 75ml (Hồng),HOP,DNAI,6.0,-76.0,0.0,77.0,467.0,0.0,0.0
OH052,Xisat Hàng Ngày 75ml (Hồng),HOP,DNANG,5.0,-80.0,13400.0,982.0,0.0,0.0,0.0
OH052,Xisat Hàng Ngày 75ml (Hồng),HOP,HCM,6.0,0.0,0.0,747.0,0.0,0.0,0.0
OH052,Xisat Hàng Ngày 75ml (Hồng),HOP,HN,1.0,-3422.0,0.0,6842.0,50.0,0.0,0.0
OH052,Xisat Hàng Ngày 75ml (Hồng),HOP,KH,5.0,-1694.0,5000.0,3450.0,0.0,0.0,0.0
OH052,Xisat Hàng Ngày 75ml (Hồng),HOP,NA,2.0,-30.0,0.0,912.0,0.0,0.0,0.0
OH053,Xypenat 75ml,HOP,CT,7.0,-47.0,0.0,533.0,40.0,0.0,0.0
OH053,Xypenat 75ml,HOP,DNAI,6.0,0.0,0.0,4.0,0.0,0.0,0.0
OH053,Xypenat 75ml,HOP,DNANG,5.0,0.0,0.0,1.0,0.0,0.0,0.0
OH053,Xypenat 75ml,HOP,HCM,6.0,0.0,0.0,74.0,0.0,0.0,0.0
OH053,Xypenat 75ml,HOP,HN,1.0,-153.0,0.0,162.0,14.0,0.0,0.0
OH053,Xypenat 75ml,HOP,NA,2.0,0.0,0.0,128.0,0.0,0.0,0.0
OH056,Xypenat 30,HOP,CT,7.0,0.0,0.0,354.0,0.0,0.0,0.0
OH056,Xypenat 30,HOP,DNAI,6.0,-81.0,1000.0,397.0,0.0,0.0,0.0
OH056,Xypenat 30,HOP,DNANG,5.0,-170.0,1000.0,816.0,0.0,0.0,0.0
OH056,Xypenat 30,HOP,HCM,6.0,0.0,0.0,2.0,0.0,0.0,0.0
OH056,Xypenat 30,HOP,HN,1.0,-191.0,0.0,1339.0,24.0,0.0,0.0
OH056,Xypenat 30,HOP,KH,5.0,-11.0,0.0,18.0,0.0,0.0,0.0
OH056,Xypenat 30,HOP,NA,2.0,0.0,600.0,75.0,0.0,0.0,0.0
OH057,Benate 5g,HOP,CT,7.0,-119.0,0.0,1666.0,0.0,0.0,0.0
OH057,Benate 5g,HOP,DNAI,6.0,-56.0,500.0,806.0,0.0,0.0,0.0
OH057,Benate 5g,HOP,DNANG,5.0,-34.0,0.0,1131.0,0.0,0.0,0.0
OH057,Benate 5g,HOP,HCM,6.0,-17.0,0.0,3878.0,0.0,0.0,0.0
OH057,Benate 5g,HOP,HN,1.0,-68.0,0.0,917.0,0.0,0.0,0.0
OH057,Benate 5g,HOP,KH,5.0,-102.0,0.0,1315.0,0.0,0.0,0.0
OH057,Benate 5g,HOP,NA,2.0,0.0,0.0,367.0,0.0,0.0,0.0
OH059,OSLA Redi 15ml,HOP,CT,7.0,-56.0,900.0,919.0,0.0,0.0,0.0
OH059,OSLA Redi 15ml,HOP,DNAI,6.0,-5.0,600.0,779.0,0.0,0.0,0.0
OH059,OSLA Redi 15ml,HOP,DNANG,5.0,0.0,0.0,921.0,0.0,0.0,0.0
OH059,OSLA Redi 15ml,HOP,HCM,6.0,-30.0,0.0,3084.0,0.0,0.0,0.0
OH059,OSLA Redi 15ml,HOP,HN,1.0,-5.0,0.0,549.0,0.0,0.0,0.0
OH059,OSLA Redi 15ml,HOP,KH,5.0,0.0,0.0,532.0,40.0,0.0,0.0
OH059,OSLA Redi 15ml,HOP,NA,2.0,-20.0,0.0,274.0,0.0,0.0,0.0
OH071,Sirnakarang F,HOP,CT,7.0,0.0,0.0,160.0,0.0,0.0,0.0
OH071,Sirnakarang F,HOP,DNAI,6.0,0.0,0.0,263.0,0.0,0.0,0.0
OH071,Sirnakarang F,HOP,DNANG,5.0,0.0,0.0,133.0,0.0,0.0,0.0
OH071,Sirnakarang F,HOP,HCM,6.0,0.0,0.0,434.0,0.0,0.0,0.0
OH071,Sirnakarang F,HOP,HN,1.0,0.0,0.0,1587.0,0.0,0.0,0.0
OH071,Sirnakarang F,HOP,KH,5.0,0.0,0.0,432.0,0.0,0.0,0.0
OH071,Sirnakarang F,HOP,NA,2.0,0.0,0.0,326.0,0.0,0.0,0.0
OH072,Osla Online,HOP,DNANG,5.0,0.0,0.0,39.0,0.0,0.0,0.0
OH072,Osla Online,HOP,NA,2.0,0.0,0.0,4.0,0.0,0.0,0.0
OH073,Xypenat trẻ em 30ml,HOP,CT,7.0,-10.0,0.0,251.0,0.0,0.0,0.0
OH073,Xypenat trẻ em 30ml,HOP,DNAI,6.0,-25.0,0.0,1219.0,0.0,0.0,0.0
OH073,Xypenat trẻ em 30ml,HOP,DNANG,5.0,-137.0,0.0,1043.0,0.0,0.0,0.0
OH073,Xypenat trẻ em 30ml,HOP,HCM,6.0,-31.0,0.0,1102.0,0.0,0.0,0.0
OH073,Xypenat trẻ em 30ml,HOP,HN,1.0,-153.0,0.0,1809.0,1.0,0.0,0.0
OH073,Xypenat trẻ em 30ml,HOP,KH,5.0,-22.0,0.0,152.0,0.0,0.0,0.0
OH073,Xypenat trẻ em 30ml,HOP,NA,2.0,0.0,0.0,774.0,0.0,0.0,0.0
OH074,Shema lá đôi (Hồng - 100 ml),HOP,CT,7.0,-75.0,960.0,962.0,0.0,0.0,0.0
OH074,Shema lá đôi (Hồng - 100 ml),HOP,DNAI,6.0,-76.0,0.0,3387.0,192.0,0.0,0.0
OH074,Shema lá đôi (Hồng - 100 ml),HOP,DNANG,5.0,-5.0,0.0,1697.0,0.0,0.0,0.0
OH074,Shema lá đôi (Hồng - 100 ml),HOP,HCM,6.0,-418.0,0.0,4951.0,0.0,0.0,0.0
OH074,Shema lá đôi (Hồng - 100 ml),HOP,HN,1.0,-22.0,0.0,477.0,0.0,0.0,0.0
OH074,Shema lá đôi (Hồng - 100 ml),HOP,KH,5.0,-11.0,0.0,1453.0,0.0,0.0,0.0
OH074,Shema lá đôi (Hồng - 100 ml),HOP,NA,2.0,0.0,0.0,254.0,0.0,0.0,0.0
OH075,Shema lá đôi (Xanh - 100 ml),HOP,CT,7.0,-73.0,0.0,1362.0,0.0,0.0,0.0
OH075,Shema lá đôi (Xanh - 100 ml),HOP,DNAI,6.0,-49.0,0.0,3272.0,0.0,0.0,0.0
OH075,Shema lá đôi (Xanh - 100 ml),HOP,DNANG,5.0,-5.0,0.0,1221.0,0.0,0.0,0.0
OH075,Shema lá đôi (Xanh - 100 ml),HOP,HCM,6.0,-567.0,0.0,2996.0,0.0,0.0,0.0
OH075,Shema lá đôi (Xanh - 100 ml),HOP,HN,1.0,-15.0,0.0,337.0,0.0,0.0,0.0
OH075,Shema lá đôi (Xanh - 100 ml),HOP,KH,5.0,-11.0,0.0,929.0,0.0,0.0,0.0
OH075,Shema lá đôi (Xanh - 100 ml),HOP,NA,2.0,0.0,0.0,284.0,0.0,0.0,0.0
OH076,Shema baby spray,HOP,CT,7.0,-2.0,200.0,182.0,0.0,0.0,0.0
OH076,Shema baby spray,HOP,DNAI,6.0,0.0,400.0,8.0,0.0,0.0,0.0
OH076,Shema baby spray,HOP,DNANG,5.0,0.0,0.0,436.0,0.0,0.0,0.0
OH076,Shema baby spray,HOP,HCM,6.0,0.0,0.0,597.0,0.0,0.0,0.0
OH076,Shema baby spray,HOP,HN,1.0,-10.0,0.0,139.0,0.0,0.0,0.0
OH076,Shema baby spray,HOP,KH,5.0,0.0,0.0,341.0,0.0,0.0,0.0
OH076,Shema baby spray,HOP,NA,2.0,0.0,0.0,98.0,0.0,0.0,0.0
OH077,Shema lá đôi 200 ml (hồng),HOP,CT,7.0,-88.0,1152.0,109.0,0.0,0.0,0.0
OH077,Shema lá đôi 200 ml (hồng),HOP,DNAI,6.0,-96.0,0.0,2024.0,0.0,0.0,0.0
OH077,Shema lá đôi 200 ml (hồng),HOP,DNANG,5.0,-42.0,0.0,872.0,0.0,0.0,0.0
OH077,Shema lá đôi 200 ml (hồng),HOP,HCM,6.0,-691.0,0.0,4317.0,0.0,0.0,0.0
OH077,Shema lá đôi 200 ml (hồng),HOP,HN,1.0,-30.0,0.0,208.0,0.0,0.0,0.0
OH077,Shema lá đôi 200 ml (hồng),HOP,KH,5.0,-32.0,240.0,316.0,0.0,0.0,0.0
OH077,Shema lá đôi 200 ml (hồng),HOP,NA,2.0,0.0,0.0,284.0,0.0,0.0,0.0
OH078,Shema lá đôi 200 ml (xanh),HOP,CT,7.0,-94.0,960.0,331.0,0.0,0.0,0.0
OH078,Shema lá đôi 200 ml (xanh),HOP,DNAI,6.0,-36.0,0.0,2059.0,240.0,0.0,0.0
OH078,Shema lá đôi 200 ml (xanh),HOP,DNANG,5.0,-44.0,240.0,647.0,0.0,0.0,0.0
OH078,Shema lá đôi 200 ml (xanh),HOP,HCM,6.0,-1170.0,0.0,4964.0,0.0,0.0,0.0
OH078,Shema lá đôi 200 ml (xanh),HOP,HN,1.0,-27.0,0.0,133.0,0.0,0.0,0.0
OH078,Shema lá đôi 200 ml (xanh),HOP,KH,5.0,-17.0,240.0,248.0,0.0,0.0,0.0
OH078,Shema lá đôi 200 ml (xanh),HOP,NA,2.0,0.0,0.0,151.0,0.0,0.0,0.0
OH079,Metison,HOP,CT,7.0,-17.0,0.0,1568.0,0.0,0.0,0.0
OH079,Metison,HOP,DNAI,6.0,-72.0,0.0,1436.0,0.0,0.0,0.0
OH079,Metison,HOP,DNANG,5.0,-17.0,0.0,1754.0,0.0,0.0,0.0
OH079,Metison,HOP,HCM,6.0,-17.0,0.0,2614.0,0.0,0.0,0.0
OH079,Metison,HOP,HN,1.0,0.0,0.0,230.0,0.0,0.0,0.0
OH079,Metison,HOP,KH,5.0,-34.0,0.0,403.0,0.0,0.0,0.0
OH079,Metison,HOP,NA,2.0,0.0,0.0,151.0,0.0,0.0,0.0
OH080,Shema Topi,HOP,CT,7.0,-2.0,100.0,22.0,0.0,0.0,0.0
OH080,Shema Topi,HOP,DNAI,6.0,0.0,0.0,813.0,0.0,0.0,0.0
OH080,Shema Topi,HOP,DNANG,5.0,0.0,0.0,745.0,0.0,0.0,0.0
OH080,Shema Topi,HOP,HCM,6.0,0.0,0.0,476.0,0.0,0.0,0.0
OH080,Shema Topi,HOP,HN,1.0,0.0,0.0,220.0,0.0,0.0,0.0
OH080,Shema Topi,HOP,KH,5.0,0.0,0.0,314.0,0.0,0.0,0.0
OH080,Shema Topi,HOP,NA,2.0,0.0,0.0,105.0,0.0,0.0,0.0
OH081,Alpha-Ktal,HOP,CT,7.0,0.0,0.0,672.0,0.0,0.0,0.0
OH081,Alpha-Ktal,HOP,DNAI,6.0,0.0,0.0,36.0,0.0,0.0,0.0
OH081,Alpha-Ktal,HOP,DNANG,5.0,-17.0,0.0,376.0,0.0,0.0,0.0
OH081,Alpha-Ktal,HOP,HCM,6.0,0.0,0.0,1482.0,0.0,0.0,0.0
OH081,Alpha-Ktal,HOP,HN,1.0,0.0,0.0,622.0,0.0,0.0,0.0
OH081,Alpha-Ktal,HOP,KH,5.0,0.0,0.0,157.0,0.0,0.0,0.0
OH081,Alpha-Ktal,HOP,NA,2.0,0.0,0.0,297.0,0.0,0.0,0.0
OH082,Medoral KC 125,HOP,CT,7.0,-33.0,0.0,37.0,0.0,0.0,0.0
OH082,Medoral KC 125,HOP,DNAI,6.0,0.0,0.0,4.0,0.0,0.0,0.0
OH082,Medoral KC 125,HOP,DNANG,5.0,0.0,0.0,5.0,0.0,0.0,0.0
OH082,Medoral KC 125,HOP,HCM,6.0,0.0,0.0,8.0,0.0,0.0,0.0
OH082,Medoral KC 125,HOP,HN,1.0,0.0,0.0,42.0,0.0,0.0,0.0
OH082,Medoral KC 125,HOP,NA,2.0,0.0,0.0,4.0,0.0,0.0,0.0
OH083,Osla Online 12 ml,HOP,CT,7.0,0.0,0.0,600.0,0.0,0.0,0.0
OH083,Osla Online 12 ml,HOP,DNAI,6.0,0.0,0.0,600.0,0.0,0.0,0.0
OH083,Osla Online 12 ml,HOP,DNANG,5.0,0.0,0.0,300.0,0.0,0.0,0.0
OH083,Osla Online 12 ml,HOP,HCM,6.0,0.0,0.0,1480.0,0.0,0.0,0.0
OH083,Osla Online 12 ml,HOP,HN,1.0,0.0,0.0,963.0,0.0,0.0,0.0
OH083,Osla Online 12 ml,HOP,KH,5.0,0.0,0.0,300.0,0.0,0.0,0.0
OH083,Osla Online 12 ml,HOP,NA,2.0,0.0,0.0,600.0,0.0,0.0,0.0
POSM0121,Túi giấy đựng quà (nhỏ),CAI,DNAI,6.0,0.0,0.0,24.0,0.0,0.0,0.0
POSM0121,Túi giấy đựng quà (nhỏ),CAI,DNANG,5.0,0.0,0.0,229.0,0.0,0.0,0.0
POSM0121,Túi giấy đựng quà (nhỏ),CAI,HN,1.0,0.0,0.0,66.0,0.0,0.0,0.0
POSM0121,Túi giấy đựng quà (nhỏ),CAI,KH,5.0,0.0,0.0,138.0,0.0,0.0,0.0
